Palavra,Quantidade,INTJ,INFP,INFJ,ENFP,ISTP,INTP,ISFP,ISTJ,ESFP,ESFJ,ENFJ,ESTP,ENTP,ISFJ,ESTJ,ENTJ
bitcoin,13241,6813,1851,1301,1495,315,618,314,132,131,77,58,22,68,27,8,11
btc,2851,551,512,456,633,100,203,148,69,41,10,71,3,21,28,0,5
crypto,1071,346,111,290,137,40,47,33,10,24,4,9,0,10,4,0,6
like,989,179,131,89,209,26,287,39,8,3,0,8,0,1,6,0,3
follow,870,40,79,214,51,88,274,77,23,5,0,8,0,2,3,0,6
giveaway,805,14,62,238,63,59,257,56,22,7,0,15,0,4,2,0,6
hours,799,79,31,273,73,53,159,117,0,0,0,0,0,6,3,0,5
people,779,284,114,70,105,79,68,13,26,2,5,1,1,8,2,0,1
eth,759,136,97,202,104,41,70,39,8,7,4,35,0,7,9,0,0
retweet,731,50,110,172,82,150,102,48,3,2,0,4,0,4,3,0,1
new,716,294,67,191,84,10,11,24,8,10,3,6,1,2,3,2,0
buy,714,284,164,48,105,20,33,17,23,4,3,4,1,5,2,1,0
time,692,292,130,65,105,25,20,14,19,5,6,7,0,3,1,0,0
money,682,301,133,74,71,8,41,23,11,5,0,2,5,3,5,0,0
market,638,271,108,75,114,5,22,9,9,4,2,10,3,5,1,0,0
price,637,291,107,57,98,10,19,17,10,4,3,18,1,0,2,0,0
gold,584,293,143,28,75,3,9,6,6,13,4,1,0,0,3,0,0
airdrop,576,4,10,528,0,8,8,0,0,18,0,0,0,0,0,0,0
100,567,100,42,131,54,70,128,25,4,2,5,4,0,2,0,0,0
ethereum,542,59,71,232,63,28,24,24,3,9,13,10,0,4,0,1,1
bnb,531,34,63,318,26,23,27,21,0,0,0,11,0,2,4,0,2
today,495,216,75,43,60,41,23,9,8,5,8,3,2,1,1,0,0
world,494,290,80,41,53,2,11,9,2,0,1,0,0,4,1,0,0
going,487,249,63,26,96,6,18,14,6,2,0,0,0,2,5,0,0
years,480,187,93,51,62,4,15,8,1,3,44,3,4,3,2,0,0
person,477,129,34,103,19,104,69,3,1,0,0,7,1,6,0,0,1
good,431,220,34,37,51,15,43,15,3,3,3,1,0,4,1,0,1
million,431,287,41,35,32,2,13,10,0,6,1,1,0,2,0,1,0
salvador,417,244,39,41,52,11,11,8,3,4,0,0,0,2,2,0,0
billion,396,257,56,25,27,1,5,4,0,3,13,1,1,3,0,0,0
year,389,173,67,25,74,6,9,6,4,3,11,5,1,2,3,0,0
xrp,389,138,35,95,24,11,32,11,0,3,6,34,0,0,0,0,0
retweets,366,27,27,133,18,15,137,1,0,0,0,7,0,1,0,0,0
worth,365,180,39,57,35,6,24,6,5,4,3,1,2,0,0,1,2
doge,360,38,29,158,55,16,22,24,5,2,2,6,0,3,0,0,0
following,349,149,36,13,56,77,7,4,0,1,0,2,0,4,0,0,0
value,347,166,61,29,45,4,8,1,10,3,11,2,2,4,1,0,0
it’s,342,150,58,19,60,10,14,13,9,1,0,1,1,3,2,0,1
bank,335,225,50,14,19,13,5,2,1,3,0,1,1,1,0,0,0
asset,334,200,44,22,51,1,6,2,3,1,1,1,1,0,0,1,0
cryptocurrency,331,73,33,124,25,16,17,12,2,27,0,0,0,1,1,0,0
tag,330,79,31,55,20,41,48,26,20,0,0,8,0,2,0,0,0
tesla,316,120,50,40,37,5,11,8,4,8,23,1,0,4,4,1,0
breaking,315,138,72,22,38,10,10,14,1,1,0,0,5,1,1,2,0
mining,313,206,29,30,22,6,5,7,3,1,0,2,1,1,0,0,0
think,311,126,69,21,61,7,17,2,4,0,1,0,0,1,2,0,0
energy,310,217,25,23,19,3,10,3,4,2,0,0,0,3,1,0,0
days,293,102,30,55,60,11,11,16,1,3,1,1,0,2,0,0,0
day,292,112,36,35,60,10,12,9,6,5,2,0,3,1,1,0,0
i’m,290,89,29,17,17,2,129,0,2,0,0,1,0,3,0,0,1
2021,286,106,59,33,42,5,14,13,3,0,10,0,0,1,0,0,0
buying,282,95,53,26,59,1,20,4,12,3,2,3,1,1,2,0,0
bought,278,129,57,11,50,4,9,5,3,2,3,1,0,4,0,0,0
bsc,278,1,8,203,3,7,34,10,0,0,0,10,0,1,0,0,1
dont,277,98,57,27,52,11,5,4,10,1,2,5,0,4,1,0,0
ago,277,167,40,20,21,3,3,3,2,0,17,0,0,0,1,0,0
digital,274,168,28,23,35,3,5,5,3,3,0,1,0,0,0,0,0
giving,264,30,24,16,10,11,154,12,0,3,0,1,0,0,3,0,0
tweet,264,27,59,29,42,12,70,9,4,3,0,3,0,4,1,0,1
network,260,158,23,20,39,2,3,9,0,2,0,2,2,0,0,0,0
link,259,13,15,151,17,3,22,7,3,3,0,19,0,2,4,0,0
join,256,26,15,74,11,12,65,36,1,7,0,7,0,1,1,0,0
elon,255,95,42,29,37,10,9,10,11,2,1,1,1,3,3,1,0
luck,254,151,19,10,12,13,40,2,2,1,1,0,0,2,1,0,0
twitter,252,90,42,28,31,18,10,3,3,6,9,4,1,1,3,2,1
week,245,107,13,41,41,2,13,13,3,6,0,3,0,2,1,0,0
currency,244,154,31,16,24,2,6,5,1,2,0,1,0,1,1,0,0
etf,241,160,10,9,49,3,2,0,1,5,1,0,0,0,0,1,0
want,240,96,43,28,36,7,8,7,2,2,0,4,0,5,2,0,0
winners,237,7,17,68,10,3,20,102,1,8,0,1,0,0,0,0,0
trx,236,49,4,123,6,3,14,6,0,0,0,29,0,0,0,0,2
financial,232,129,47,16,23,2,7,0,2,2,0,0,1,1,2,0,0
bull,231,92,41,19,51,1,13,3,6,1,0,4,0,0,0,0,0
right,226,85,39,22,50,4,14,6,2,0,1,1,0,2,0,0,0
1000,225,36,43,58,15,23,16,8,1,5,11,4,1,0,3,0,1
banks,224,140,29,8,28,3,4,8,0,0,2,1,0,1,0,0,0
cash,224,69,46,38,25,5,9,2,19,5,3,0,0,2,1,0,0
says,223,119,47,27,15,1,1,0,3,7,0,0,0,0,0,3,0
high,222,85,51,40,29,4,4,3,3,0,1,2,0,0,0,0,0
ends,222,4,7,109,13,23,29,19,5,0,0,9,0,4,0,0,0
dogecoin,221,41,22,27,67,24,2,14,1,10,5,3,0,5,0,0,0
enter,221,14,13,12,8,24,137,7,0,1,0,2,0,1,2,0,0
know,215,58,41,21,56,7,7,7,4,3,2,1,1,6,1,0,0
post,215,18,24,69,47,8,30,9,0,2,3,1,0,2,2,0,0
fiat,212,98,60,11,25,0,5,5,2,2,0,0,3,1,0,0,0
don’t,211,75,39,31,37,3,5,1,6,1,0,1,4,7,0,0,1
elonmusk,211,96,39,20,26,9,8,3,5,0,0,1,0,2,2,0,0
months,209,111,26,13,26,2,8,3,4,1,12,2,0,0,1,0,0
follows,209,22,21,120,12,12,10,2,0,0,0,7,0,3,0,0,0
lucky,208,11,5,17,8,25,125,6,0,7,0,0,0,2,2,0,0
history,206,92,36,16,36,2,5,8,3,1,1,1,4,1,0,0,0
trillion,203,130,26,19,15,2,3,1,2,0,3,0,1,1,0,0,0
need,201,74,30,34,34,6,9,5,2,2,0,1,0,3,1,0,0
future,198,85,38,20,30,0,16,1,1,3,0,2,1,0,0,1,0
dollar,197,103,37,15,20,5,6,0,3,5,1,1,0,0,0,0,1
500,197,57,19,35,14,21,30,12,0,2,4,0,0,1,0,0,2
friends,197,20,36,39,13,18,30,19,7,3,0,8,0,3,0,0,1
paypal,196,59,15,7,38,22,30,10,2,1,10,0,0,2,0,0,0
lightning,196,73,6,9,8,0,5,91,0,0,0,0,2,0,1,1,0
supply,195,80,25,21,51,0,6,1,1,1,0,9,0,0,0,0,0
que,194,59,1,2,97,23,12,0,0,0,0,0,0,0,0,0,0
best,193,89,47,14,23,0,5,5,3,1,0,3,0,2,0,0,1
nft,192,0,30,98,7,19,22,13,0,0,0,0,0,3,0,0,0
start,191,57,21,52,17,3,4,24,3,8,1,0,0,1,0,0,0
adoption,191,120,21,13,23,2,3,3,2,3,0,0,0,1,0,0,0
long,190,71,25,17,43,2,10,3,5,1,0,10,1,2,0,0,0
real,190,76,42,11,39,3,4,7,5,1,0,1,0,0,1,0,0
defi,190,12,11,131,13,3,4,5,1,6,0,3,0,1,0,0,0
random,188,20,33,57,18,9,44,0,0,0,0,0,0,7,0,0,0
2020,187,93,31,17,11,1,8,17,1,1,7,0,0,0,0,0,0
sell,187,60,32,30,31,5,10,4,11,0,1,2,1,0,0,0,0
use,186,87,33,26,20,2,6,6,2,1,0,1,1,1,0,0,0
china,182,82,29,11,33,10,7,5,1,3,0,0,0,1,0,0,0
minutes,182,108,6,14,7,6,33,2,1,1,0,2,0,2,0,0,0
binance,181,44,35,50,15,16,15,1,0,0,3,1,0,0,0,0,1
hit,177,57,28,14,22,40,6,3,3,2,0,1,0,0,0,0,1
2017,176,77,31,4,40,3,3,7,2,0,7,2,0,0,0,0,0
legal,176,102,27,17,10,3,7,6,3,0,1,0,0,0,0,0,0
away,175,44,30,23,22,8,26,13,0,3,0,1,0,0,4,0,1
trading,175,78,25,22,23,9,4,8,0,0,0,4,0,2,0,0,0
10000,175,44,28,18,10,8,2,55,2,2,3,0,2,0,1,0,0
way,174,74,26,18,35,4,6,1,4,1,1,1,0,0,3,0,0
global,174,85,39,17,20,0,6,1,2,4,0,0,0,0,0,0,0
inflation,174,104,26,15,20,0,5,0,0,1,1,2,0,0,0,0,0
bitcoins,173,82,29,14,23,2,11,1,0,3,4,4,0,0,0,0,0
free,173,61,28,21,24,4,11,6,1,5,0,9,0,1,1,0,1
coming,172,69,31,15,34,4,7,4,3,0,1,1,1,0,2,0,0
cap,172,86,35,14,22,0,5,2,0,3,2,1,0,2,0,0,0
government,172,99,26,17,9,1,12,3,3,0,0,2,0,0,0,0,0
rate,172,56,5,91,13,1,0,2,0,0,1,2,0,0,1,0,0
big,171,54,30,26,39,2,8,7,2,2,0,0,1,0,0,0,0
total,171,55,19,69,13,4,9,1,0,0,0,0,0,1,0,0,0
bot,171,0,3,167,0,1,0,0,0,0,0,0,0,0,0,0,0
end,170,54,28,24,33,15,9,1,3,1,1,0,0,0,1,0,0
winner,170,9,23,21,40,24,29,18,0,1,0,0,0,0,5,0,0
musk,169,75,27,21,21,3,3,3,7,5,0,0,0,2,1,1,0
sponsor,168,2,0,9,0,2,139,2,0,0,0,14,0,0,0,0,0
ceo,166,112,17,20,9,0,0,4,0,2,2,0,0,0,0,0,0
win,164,14,55,32,9,6,21,21,0,6,0,0,0,0,0,0,0
hold,163,69,32,13,28,3,8,1,3,0,0,2,1,3,0,0,0
largest,163,112,14,15,14,3,2,2,1,0,0,0,0,0,0,0,0
sats,163,25,9,7,18,2,5,91,0,5,0,1,0,0,0,0,0
microstrategy,162,115,16,10,8,1,9,1,0,0,1,0,0,0,0,1,0
news,160,46,49,15,21,1,9,2,6,0,7,2,0,2,0,0,0
usd,160,37,29,44,21,3,7,11,1,4,1,0,0,2,0,0,0
understand,159,58,31,13,31,2,5,3,4,0,0,2,6,2,0,0,2
getting,158,67,26,8,40,4,5,0,3,0,0,2,0,0,1,0,2
send,158,28,16,26,28,38,9,5,1,0,0,0,0,7,0,0,0
central,158,99,23,6,15,7,6,0,0,2,0,0,0,0,0,0,0
assets,157,85,27,13,12,2,4,3,2,6,0,3,0,0,0,0,0
investors,157,80,15,8,35,0,7,4,2,3,0,1,0,2,0,0,0
investment,154,94,18,15,16,2,6,0,0,2,0,0,0,0,1,0,0
sec,152,72,15,15,29,1,15,0,0,3,1,1,0,0,0,0,0
dollars,152,71,26,9,23,8,6,0,2,0,0,0,1,1,1,0,4
power,152,68,18,28,14,2,11,1,2,3,2,1,1,1,0,0,0
country,149,90,15,13,15,1,7,4,0,2,1,0,0,1,0,0,0
proof,148,14,7,51,9,2,44,14,1,0,0,4,0,2,0,0,0
reward,148,4,4,139,1,0,0,0,0,0,0,0,0,0,0,0,0
monetary,148,105,13,9,9,2,9,1,0,0,0,0,0,0,0,0,0
company,147,91,13,18,8,5,7,4,0,0,0,0,0,0,0,1,0
ada,147,6,28,47,12,16,7,12,0,1,0,18,0,0,0,0,0
cryptocurrencies,145,41,18,50,13,12,5,2,1,1,0,0,0,2,0,0,0
run,144,54,27,10,37,1,6,2,2,4,0,0,0,0,1,0,0
month,143,80,15,15,18,1,3,1,3,2,2,0,1,2,0,0,0
nfts,143,5,18,73,13,16,4,12,0,1,0,0,0,0,0,1,0
exchange,141,74,15,18,16,1,3,10,1,2,0,1,0,0,0,0,0
selling,141,59,18,12,26,2,8,3,7,1,0,2,1,0,2,0,0
200,140,39,19,38,15,6,14,1,0,2,1,1,0,0,4,0,0
miners,138,94,10,8,14,1,8,0,1,1,0,1,0,0,0,0,0
bullish,138,31,39,15,33,2,9,0,3,1,0,2,1,1,1,0,0
coinbase,137,69,12,11,20,2,17,1,0,0,1,0,0,4,0,0,0
got,137,37,34,9,23,3,10,12,1,1,0,3,0,3,0,0,1
tender,137,74,24,15,9,0,6,6,2,0,1,0,0,0,0,0,0
follower,136,0,3,3,0,7,123,0,0,0,0,0,0,0,0,0,0
thats,135,55,29,4,23,2,10,3,6,1,0,0,1,0,1,0,0
shib,134,19,49,30,10,4,4,6,1,8,0,3,0,0,0,0,0
airdrops,134,0,2,127,1,0,3,0,0,1,0,0,0,0,0,0,0
wallet,133,57,10,30,19,1,4,6,2,2,1,0,0,1,0,0,0
said,131,58,16,18,14,3,7,3,5,6,1,0,0,0,0,0,0
better,129,71,22,6,13,2,5,5,3,1,0,1,0,0,0,0,0
invest,128,80,19,8,12,2,5,0,0,0,0,0,1,1,0,0,0
satoshi,127,57,26,12,11,5,9,3,2,0,1,0,1,0,0,0,0
store,127,65,28,5,19,0,5,0,1,1,1,0,0,1,1,0,0
dip,126,45,26,7,21,16,2,4,3,0,0,1,0,1,0,0,0
balance,126,87,17,3,13,0,2,0,0,2,0,0,0,1,0,1,0
payment,125,71,6,16,5,6,3,3,1,5,7,0,0,1,0,1,0
chart,125,42,14,16,32,1,11,1,2,1,0,5,0,0,0,0,0
started,124,61,19,6,19,1,5,4,3,4,1,0,0,1,0,0,0
halving,124,45,33,18,9,0,9,4,1,1,4,0,0,0,0,0,0
100k,124,43,14,12,34,7,5,3,3,2,0,0,0,0,1,0,0
soon,123,43,20,12,27,3,8,4,2,1,1,1,1,0,0,0,0
users,122,58,16,6,24,1,2,4,0,7,0,3,0,0,0,1,0
silver,122,28,88,3,2,0,0,1,0,0,0,0,0,0,0,0,0
pay,121,58,21,10,6,4,14,0,3,3,1,0,1,0,0,0,0
stock,119,69,19,6,10,1,3,2,6,2,0,0,0,0,1,0,0
jack,118,74,12,7,11,1,6,1,2,0,0,0,0,2,1,1,0
ban,118,65,8,14,12,1,8,4,0,1,3,0,1,1,0,0,0
replying,118,56,12,23,14,4,4,2,1,1,0,0,0,0,0,0,1
early,117,49,22,7,25,1,6,2,2,0,0,1,2,0,0,0,0
president,114,72,12,14,7,1,4,2,1,1,0,0,0,0,0,0,0
help,114,35,6,14,20,6,22,4,2,2,0,3,0,0,0,0,0
internet,113,59,18,10,22,1,0,1,0,0,0,0,0,0,2,0,0
live,113,40,8,29,8,4,2,10,3,3,1,5,0,0,0,0,0
fund,112,81,13,5,9,0,4,0,0,0,0,0,0,0,0,0,0
apple,112,51,14,9,6,3,13,2,2,0,12,0,0,0,0,0,0
great,112,36,25,16,12,1,14,2,2,2,0,0,1,0,1,0,0
coinkit,111,1,18,43,2,0,18,10,0,19,0,0,0,0,0,0,0
hodl,110,64,13,9,8,1,3,8,1,1,1,1,0,0,0,0,0
believe,110,44,14,13,23,2,3,3,3,0,1,1,1,2,0,0,0
coins,110,19,28,18,22,1,7,8,2,5,0,0,0,0,0,0,0
stop,109,54,25,7,9,1,5,2,3,1,1,0,1,0,0,0,0
short,109,45,21,7,12,2,7,3,0,0,0,9,0,2,0,1,0
technology,109,79,6,8,6,1,7,2,0,0,0,0,0,0,0,0,0
vet,109,78,6,1,4,1,0,2,0,0,0,14,0,0,3,0,0
comment,108,3,29,25,19,4,21,5,1,0,0,1,0,0,0,0,0
blockchain,107,25,8,38,12,6,8,8,0,0,0,1,0,1,0,0,0
wealth,106,53,14,5,19,2,5,3,4,1,0,0,0,0,0,0,0
funds,106,71,9,9,10,1,3,1,0,2,0,0,0,0,0,0,0
support,106,54,16,14,8,3,0,4,2,1,0,4,0,0,0,0,0
friend,106,7,13,29,12,13,20,6,3,0,0,1,0,1,1,0,0
come,105,42,18,12,20,2,4,2,3,2,0,0,0,0,0,0,0
alltime,105,53,15,24,9,2,1,0,0,1,0,0,0,0,0,0,0
biggest,105,49,28,5,14,3,3,0,1,0,1,1,0,0,0,0,0
fed,105,36,47,9,5,0,2,2,0,1,0,0,0,1,2,0,0
telegram,105,1,4,80,3,10,0,3,0,0,0,3,0,1,0,0,0
bsv,105,6,1,3,4,7,81,3,0,0,0,0,0,0,0,0,0
usdt,104,10,10,42,11,18,1,2,0,0,0,10,0,0,0,0,0
accept,103,62,7,10,6,2,9,1,0,3,3,0,0,0,0,0,0
looking,103,50,15,12,14,0,6,1,2,1,0,0,0,1,1,0,0
reserve,103,71,11,5,8,3,2,1,0,1,0,1,0,0,0,0,0
tomorrow,103,42,7,5,11,8,25,0,2,0,2,1,0,0,0,0,0
past,103,56,11,9,16,0,4,1,1,2,2,1,0,0,0,0,0
treasury,103,55,25,6,11,0,2,0,1,2,0,1,0,0,0,0,0
morning,103,45,9,8,8,2,25,3,0,1,0,0,0,0,1,0,1
companies,102,57,17,6,14,0,4,2,0,1,0,1,0,0,0,0,0
capital,102,63,8,10,15,0,1,2,1,0,0,1,0,0,0,1,0
ath,102,25,26,13,25,2,3,2,1,4,0,1,0,0,0,0,0
announced,102,53,12,12,11,1,8,2,0,1,0,0,0,0,2,0,0
xlm,102,41,5,36,3,1,0,5,0,0,0,11,0,0,0,0,0
los,102,33,0,0,47,10,12,0,0,0,0,0,0,0,0,0,0
exchanges,101,36,7,10,26,0,13,3,2,0,0,2,0,1,1,0,0
thing,101,46,19,4,21,0,2,4,2,2,1,0,0,0,0,0,0
work,101,53,14,10,14,3,1,2,1,0,0,2,0,1,0,0,0
2013,100,47,11,7,21,1,1,5,1,0,6,0,0,0,0,0,0
look,100,36,14,12,19,0,6,2,3,5,0,1,0,1,1,0,0
went,99,52,18,6,13,3,4,1,2,0,0,0,0,0,0,0,0
futures,99,55,14,7,18,0,0,0,1,4,0,0,0,0,0,0,0
data,98,26,8,38,13,1,1,1,0,3,0,7,0,0,0,0,0
weeks,98,30,12,11,34,3,5,3,0,0,0,0,0,0,0,0,0
entire,98,52,10,7,18,4,3,2,1,0,0,0,0,1,0,0,0
open,98,54,9,13,13,2,2,1,0,1,0,0,0,0,3,0,0
street,97,62,14,4,14,1,1,1,0,0,0,0,0,0,0,0,0
change,97,36,17,15,16,1,5,6,1,0,0,0,0,0,0,0,0
lightningnetwork,97,0,0,1,1,0,0,93,0,1,1,0,0,0,0,0,0
trust,96,42,20,11,13,0,6,4,0,0,0,0,0,0,0,0,0
hedge,96,67,10,5,9,1,0,1,0,1,0,0,0,1,1,0,0
grayscale,95,57,15,5,13,1,2,0,1,0,0,1,0,0,0,0,0
account,95,38,15,15,10,2,5,3,2,0,0,4,0,1,0,0,0
prices,94,45,11,14,16,0,1,2,0,2,0,1,0,0,2,0,0
wall,94,55,18,3,14,1,1,2,0,0,0,0,0,0,0,0,0
making,94,47,14,7,13,0,3,3,5,1,0,0,0,1,0,0,0
things,93,28,18,9,12,3,4,5,3,1,7,0,0,0,2,0,1
markets,93,44,16,11,14,0,1,0,2,3,1,1,0,0,0,0,0
cycle,93,10,21,6,40,2,2,0,11,0,0,0,0,1,0,0,0
holding,93,37,18,9,13,2,4,2,4,1,0,1,1,0,1,0,0
bitsahara,93,0,0,0,0,0,0,93,0,0,0,0,0,0,0,0,0
square,92,63,8,2,7,0,2,0,0,0,7,1,0,1,0,1,0
sheet,92,61,14,2,11,0,1,0,0,1,0,0,0,1,0,1,0
institutional,91,49,14,6,8,0,8,0,3,0,0,1,0,2,0,0,0
close,91,38,12,7,31,0,0,0,1,0,0,0,0,2,0,0,0
michaelsaylor,90,48,14,9,6,2,3,2,2,0,0,1,1,1,1,0,0
important,90,49,15,5,12,0,3,1,1,0,1,0,0,1,1,0,1
life,90,31,24,6,18,1,4,2,4,0,0,0,0,0,0,0,0
paid,89,44,19,6,6,0,2,4,2,0,0,3,0,1,0,0,2
makes,89,31,15,5,18,1,4,6,3,2,0,0,0,4,0,0,0
nayibbukele,89,46,8,8,12,5,5,0,1,0,3,1,0,0,0,0,0
pinned,89,1,5,13,20,4,38,3,0,0,0,4,0,1,0,0,0
mon,89,1,17,42,0,0,11,7,1,10,0,0,0,0,0,0,0
moved,88,54,6,4,17,0,5,1,0,0,1,0,0,0,0,0,0
payments,88,48,16,8,5,1,4,3,0,1,0,1,1,0,0,0,0
can’t,88,42,12,13,14,0,2,2,0,0,0,0,1,1,0,0,1
freedom,88,52,13,9,10,0,3,1,0,0,0,0,0,0,0,0,0
coin,88,17,15,23,12,3,4,4,1,2,3,3,0,0,1,0,0
distribution,88,0,2,85,1,0,0,0,0,0,0,0,0,0,0,0,0
dot,87,16,13,24,13,1,7,4,0,0,0,6,0,0,3,0,0
finance,87,39,10,20,9,0,1,2,0,3,0,1,1,0,1,0,0
game,86,45,14,7,14,1,1,1,0,0,0,0,3,0,0,0,0
love,86,23,21,9,18,2,4,5,0,1,1,1,0,0,0,0,1
times,86,42,12,12,12,1,2,2,0,1,0,0,0,1,1,0,0
del,86,42,0,0,24,16,4,0,0,0,0,0,0,0,0,0,0
lets,85,15,19,7,22,7,5,2,0,1,0,7,0,0,0,0,0
let,85,24,15,7,23,3,0,2,3,4,0,3,0,0,1,0,0
risk,85,35,14,3,23,0,3,2,3,0,0,0,0,1,0,0,1
fud,85,37,14,8,19,0,4,1,0,0,0,1,0,1,0,0,0
followers,85,12,24,10,12,3,18,0,0,0,0,4,0,0,2,0,0
lot,84,25,19,7,20,4,4,2,2,1,0,0,0,0,0,0,0
model,84,63,3,3,13,1,0,0,0,0,1,0,0,0,0,0,0
low,83,23,18,16,16,2,4,0,2,1,0,0,0,0,1,0,0
100000,83,39,26,4,6,1,5,2,0,0,0,0,0,0,0,0,0
goes,82,26,15,15,12,0,6,3,2,0,0,0,0,3,0,0,0
single,82,37,13,9,11,1,4,1,1,1,0,0,2,1,0,0,1
average,82,52,9,6,9,0,0,2,2,0,0,2,0,0,0,0,0
youre,82,38,13,9,10,2,2,1,1,1,0,4,0,1,0,0,0
google,81,38,11,8,2,1,2,1,1,0,17,0,0,0,0,0,0
level,81,50,8,5,13,0,4,1,0,0,0,0,0,0,0,0,0
state,81,50,11,5,5,1,4,3,1,0,0,0,0,0,1,0,0
drop,81,18,6,10,25,8,4,2,6,1,0,1,0,0,0,0,0
public,81,43,12,9,4,0,4,2,2,4,0,0,0,0,1,0,0
i’ll,81,15,11,5,19,16,13,0,0,0,0,1,0,0,0,0,1
higher,80,40,8,8,14,1,1,1,5,1,0,0,0,0,0,1,0
huge,80,29,14,3,20,3,3,2,1,3,0,1,0,1,0,0,0
seen,80,29,12,5,23,0,4,2,4,0,0,0,0,1,0,0,0
trade,79,34,7,10,14,4,3,1,0,2,0,1,2,1,0,0,0
binancesmartchain,79,1,7,63,4,1,2,0,0,0,0,0,0,0,0,0,1
airdropinspector,79,0,0,79,0,0,0,0,0,0,0,0,0,0,0,0,0
that’s,78,32,10,8,17,1,5,1,1,1,0,0,0,2,0,0,0
point,78,36,9,5,17,0,0,4,3,3,0,0,0,0,1,0,0
imagine,78,22,13,6,20,4,11,0,2,0,0,0,0,0,0,0,0
term,78,24,14,7,20,0,4,3,4,1,0,0,0,1,0,0,0
app,78,34,11,20,6,0,4,3,0,0,0,0,0,0,0,0,0
visa,77,61,4,2,2,2,2,0,0,2,2,0,0,0,0,0,0
share,77,15,4,15,16,2,2,6,1,16,0,0,0,0,0,0,0
amazon,77,28,10,11,5,2,1,1,2,0,16,0,0,1,0,0,0
10k,77,18,13,13,18,1,5,2,1,1,0,2,1,0,2,0,0
goal,77,66,2,3,5,0,1,0,0,0,0,0,0,0,0,0,0
zil,77,30,2,3,1,28,0,0,0,2,0,11,0,0,0,0,0
second,76,36,8,9,17,2,1,2,1,0,0,0,0,0,0,0,0
50k,76,25,12,6,16,3,8,0,1,2,0,1,1,0,1,0,0
watch,76,36,7,13,14,2,3,0,1,0,0,0,0,0,0,0,0
major,76,33,11,4,15,3,7,1,1,0,1,0,0,0,0,0,0
check,76,17,12,22,12,2,5,4,1,1,0,0,0,0,0,0,0
city,75,47,6,2,7,5,2,3,0,0,0,2,1,0,0,0,0
50000,75,26,23,9,6,1,2,6,0,0,1,0,0,1,0,0,0
states,75,58,4,3,5,1,2,1,1,0,0,0,0,0,0,0,0
actually,75,23,15,4,16,4,4,0,3,1,2,0,0,2,1,0,0
economic,75,43,5,4,11,3,6,0,0,0,2,0,0,1,0,0,0
ltc,75,18,6,22,7,1,7,8,1,0,1,4,0,0,0,0,0
referral,75,0,0,75,0,0,0,0,0,0,0,0,0,0,0,0,0
accepting,74,40,15,7,6,2,0,1,1,1,0,0,0,1,0,0,0
massive,74,17,12,5,26,1,5,0,0,1,0,4,0,3,0,0,0
instead,74,32,13,9,11,1,4,0,1,1,1,1,0,0,0,0,0
transaction,73,28,18,8,7,1,6,1,1,0,0,0,0,2,1,0,0
miami,73,53,5,5,6,0,1,0,1,0,0,0,0,0,2,0,0
morgan,73,45,9,2,11,1,0,2,1,0,1,0,1,0,0,0,0
stay,73,29,9,13,10,0,3,6,1,1,0,0,0,0,1,0,0
24hrs,73,8,1,1,10,2,30,8,7,0,0,6,0,0,0,0,0
you’re,73,28,21,7,11,2,1,0,2,0,0,0,0,1,0,0,0
problem,73,34,21,0,10,2,3,2,0,0,0,0,0,0,1,0,0
control,73,38,6,5,12,1,3,1,2,1,1,2,0,1,0,0,0
happy,73,23,16,7,7,2,4,5,0,3,1,2,1,0,2,0,0
ill,73,9,4,10,14,19,1,1,0,0,0,8,0,7,0,0,0
sold,72,31,17,6,10,1,2,0,4,0,1,0,0,0,0,0,0
ready,72,32,7,5,19,4,3,0,0,0,0,1,1,0,0,0,0
120,72,10,3,54,2,2,1,0,0,0,0,0,0,0,0,0,0
community,72,17,6,19,12,5,3,4,0,2,0,2,0,1,0,0,1
step,72,16,19,12,6,0,10,0,7,2,0,0,0,0,0,0,0
institutions,71,37,13,4,10,1,4,0,0,0,0,1,0,1,0,0,0
means,71,30,16,3,12,0,2,2,1,1,0,1,0,2,0,0,1
current,71,33,12,7,11,0,3,1,1,0,1,0,0,1,1,0,0
goldman,71,48,12,1,6,0,1,0,1,0,2,0,0,0,0,0,0
property,71,57,8,3,2,0,1,0,0,0,0,0,0,0,0,0,0
economy,71,37,17,6,8,0,2,1,0,0,0,0,0,0,0,0,0
demand,70,35,13,2,11,1,5,0,1,0,0,2,0,0,0,0,0
saylor,70,41,12,2,8,1,5,0,1,0,0,0,0,0,0,0,0
decade,70,37,12,1,13,0,3,0,1,1,0,1,0,1,0,0,0
hope,70,48,3,7,9,0,0,0,1,0,0,0,0,1,0,0,1
“bitcoin,70,33,20,3,8,0,4,0,0,0,1,0,0,1,0,0,0
debt,70,29,26,3,7,0,2,0,0,1,0,0,2,0,0,0,0
nation,70,39,8,16,5,0,1,1,0,0,0,0,0,0,0,0,0
half,69,34,12,7,13,0,1,0,0,0,0,0,0,1,0,0,1
cost,69,31,9,8,13,0,1,0,1,2,1,2,0,1,0,0,0
care,69,28,24,3,7,1,2,1,0,0,0,1,0,2,0,0,0
purchased,69,50,8,5,3,2,0,0,0,0,1,0,0,0,0,0,0
owns,69,43,7,1,12,0,1,1,4,0,0,0,0,0,0,0,0
strong,69,37,8,4,10,0,2,5,3,0,0,0,0,0,0,0,0
highs,69,19,11,17,15,1,1,1,2,1,0,0,0,1,0,0,0
working,69,33,15,7,10,0,3,0,0,0,0,0,0,0,1,0,0
tell,69,19,20,6,10,3,2,1,3,1,0,3,0,1,0,0,0
300,69,14,10,23,6,6,3,3,0,2,1,0,0,0,1,0,0
para,69,27,0,0,34,8,0,0,0,0,0,0,0,0,0,0,0
america,68,53,9,3,2,0,0,1,0,0,0,0,0,0,0,0,0
governments,68,46,10,3,7,0,0,0,1,0,0,0,0,1,0,0,0
moon,68,30,8,5,16,4,4,0,0,0,0,1,0,0,0,0,0
address,68,7,10,39,5,4,1,1,0,1,0,0,0,0,0,0,0
cardano,68,8,24,13,6,2,1,3,0,1,3,7,0,0,0,0,0
tasks,68,0,1,44,7,1,0,0,0,14,0,0,0,1,0,0,0
solana,68,4,19,16,0,17,5,6,0,0,1,0,0,0,0,0,0
purchase,67,41,9,2,9,2,0,0,2,1,1,0,0,0,0,0,0
launch,67,31,7,13,5,2,6,0,1,2,0,0,0,0,0,0,0
highest,67,29,9,9,14,0,1,2,1,1,0,1,0,0,0,0,0
likely,67,24,12,7,13,1,3,0,5,1,1,0,0,0,0,0,0
group,67,18,9,14,8,7,0,1,1,0,0,9,0,0,0,0,0
learn,67,27,11,11,7,3,1,0,1,3,0,1,1,1,0,0,0
sswb,67,0,0,0,0,0,0,67,0,0,0,0,0,0,0,0,0
stocks,66,25,15,6,16,1,0,2,1,0,0,0,0,0,0,0,0
class,66,37,9,4,13,0,2,0,1,0,0,0,0,0,0,0,0
facebook,66,22,12,5,3,0,3,1,2,0,12,4,0,2,0,0,0
far,66,24,11,5,15,0,4,2,2,1,0,0,1,1,0,0,0
billionaire,66,39,9,1,10,0,3,1,0,1,0,0,1,1,0,0,0
investor,66,24,18,11,7,0,1,1,2,2,0,0,0,0,0,0,0
united,66,52,4,2,3,0,1,3,1,0,0,0,0,0,0,0,0
industry,66,44,6,8,6,0,1,0,1,0,0,0,0,0,0,0,0
sure,66,18,15,7,17,1,6,1,0,1,0,0,0,0,0,0,0
information,66,14,3,40,2,1,4,1,1,0,0,0,0,0,0,0,0
probably,65,28,6,10,18,0,2,0,1,0,0,0,0,0,0,0,0
later,65,19,8,6,13,3,4,2,0,0,5,4,0,0,1,0,0
trying,65,22,11,2,16,3,3,2,2,0,0,0,1,3,0,0,0
plan,65,25,14,3,16,0,3,2,1,0,0,0,0,0,1,0,0
zero,65,31,13,5,12,1,2,0,0,1,0,0,0,0,0,0,0
report,65,41,7,6,7,0,0,1,2,0,0,1,0,0,0,0,0
pump,65,17,15,4,20,1,1,3,2,0,0,1,0,1,0,0,0
150,65,16,8,9,12,3,5,0,9,0,0,1,0,1,1,0,0
doesnt,64,26,12,8,12,2,2,0,1,0,0,1,0,0,0,0,0
let’s,64,12,6,5,12,22,5,0,1,0,0,1,0,0,0,0,0
2018,64,39,7,7,3,1,3,4,0,0,0,0,0,0,0,0,0
remember,64,14,15,7,17,1,5,2,3,0,0,0,0,0,0,0,0
took,64,27,10,10,8,2,3,0,2,0,0,1,0,1,0,0,0
saying,64,18,17,5,15,3,1,0,3,0,0,0,0,2,0,0,0
bonds,63,29,9,13,9,0,0,0,1,2,0,0,0,0,0,0,0
business,63,39,5,11,2,1,1,1,0,1,0,1,0,1,0,0,0
turn,63,11,4,10,7,12,12,0,0,0,1,5,0,1,0,0,0
hard,63,15,17,3,12,1,7,2,2,1,0,1,0,1,1,0,0
decentralized,63,25,11,5,11,0,2,3,1,0,0,5,0,0,0,0,0
sent,62,34,6,3,7,3,7,0,0,1,0,0,0,1,0,0,0
volume,62,26,8,5,13,0,5,1,3,0,0,1,0,0,0,0,0
wait,62,28,12,4,10,1,5,1,0,0,0,0,1,0,0,0,0
transactions,62,30,6,8,5,0,5,3,0,1,0,1,0,2,1,0,0
rules,62,21,8,14,1,2,12,4,0,0,0,0,0,0,0,0,0
2019,62,39,7,5,3,1,1,4,0,1,0,1,0,0,0,0,0
250,62,7,4,9,8,6,16,3,0,0,1,1,0,2,5,0,0
standard,62,35,13,7,4,2,0,0,0,1,0,0,0,0,0,0,0
sol,62,0,10,14,4,20,2,9,0,0,0,3,0,0,0,0,0
looks,61,20,9,8,16,1,0,2,1,1,0,1,0,0,1,1,0
allow,61,45,6,4,3,0,2,0,0,1,0,0,0,0,0,0,0
reach,61,31,14,2,4,0,2,1,3,0,4,0,0,0,0,0,0
hits,61,34,14,4,4,3,1,0,1,0,0,0,0,0,0,0,0
law,61,29,8,5,10,0,5,0,1,0,2,0,0,1,0,0,0
break,61,19,16,4,16,1,0,0,3,0,0,1,0,0,0,0,1
official,61,37,3,5,11,0,0,4,0,1,0,0,0,0,0,0,0
wants,61,28,6,6,11,2,4,2,0,0,0,0,1,1,0,0,0
fixes,61,33,9,4,9,1,2,3,0,0,0,0,0,0,0,0,0
daily,61,13,6,9,22,2,2,1,3,0,0,3,0,0,0,0,0
worlds,61,37,10,2,9,0,3,0,0,0,0,0,0,0,0,0,0
5000,61,11,11,14,6,9,1,5,0,1,3,0,0,0,0,0,0
easy,61,7,5,5,9,13,7,0,0,15,0,0,0,0,0,0,0
ripple,61,6,3,37,2,1,8,0,0,0,0,3,0,1,0,0,0
customers,60,48,4,3,3,0,0,1,0,1,0,0,0,0,0,0,0
told,60,17,15,4,7,1,5,1,3,4,0,0,1,2,0,0,0
able,60,26,10,6,8,3,2,1,1,0,1,2,0,0,0,0,0
read,60,27,4,12,10,3,1,2,0,0,1,0,0,0,0,0,0
social,60,20,7,11,8,0,1,0,0,8,0,4,0,0,0,1,0
isnt,59,22,15,6,9,1,3,1,0,2,0,0,0,0,0,0,0
holdings,59,21,9,7,18,1,2,0,0,0,0,0,0,0,0,0,1
opportunity,59,28,5,4,11,0,3,3,3,0,0,0,1,1,0,0,0
services,59,37,6,4,8,0,3,0,0,0,0,1,0,0,0,0,0
moving,59,29,11,3,14,0,1,0,0,0,0,0,0,0,1,0,0
volatility,59,26,8,8,12,0,3,1,0,0,0,0,0,0,1,0,0
thread,59,18,10,6,10,1,6,1,1,0,1,4,0,0,1,0,0
altcoins,59,12,7,5,9,12,1,2,8,1,0,2,0,0,0,0,0
we’re,58,25,7,9,8,0,6,0,0,3,0,0,0,0,0,0,0
sachs,58,37,11,1,6,0,1,0,1,0,1,0,0,0,0,0,0
plans,58,40,5,3,4,0,0,0,0,2,2,1,0,0,0,0,1
crash,58,15,28,2,7,0,0,2,2,0,0,2,0,0,0,0,0
growth,58,27,5,6,16,0,2,0,1,0,0,1,0,0,0,0,0
rsi,58,36,0,1,20,0,0,0,1,0,0,0,0,0,0,0,0
case,58,26,11,5,13,0,3,0,0,0,0,0,0,0,0,0,0
talk,58,20,7,14,6,2,3,2,0,0,0,3,0,1,0,0,0
increase,57,30,9,8,4,0,1,2,0,2,0,1,0,0,0,0,0
set,57,29,10,4,12,0,1,0,0,1,0,0,0,0,0,0,0
record,57,30,4,8,12,1,0,0,1,0,0,1,0,0,0,0,0
doesn’t,57,21,13,5,9,0,3,1,1,0,0,0,2,2,0,0,0
inevitable,57,33,11,5,4,0,0,3,0,0,0,1,0,0,0,0,0
estate,57,36,13,0,7,0,0,0,1,0,0,0,0,0,0,0,0
didnt,57,14,18,7,5,0,3,3,1,0,3,3,0,0,0,0,0
block,57,26,8,5,5,0,2,0,1,1,5,3,0,0,0,0,1
created,57,28,15,3,4,4,1,1,0,1,0,0,0,0,0,0,0
fun,57,16,10,7,16,0,2,3,0,0,1,0,0,2,0,0,0
chance,57,11,12,9,5,3,3,11,0,1,0,1,0,1,0,0,0
notifications,57,0,0,13,4,10,22,0,0,0,0,4,0,4,0,0,0
gains,56,18,10,6,11,0,1,5,2,2,0,0,1,0,0,0,0
banking,56,27,7,5,13,0,4,0,0,0,0,0,0,0,0,0,0
tax,56,30,6,7,5,0,1,3,1,0,0,1,1,0,1,0,0
left,56,26,7,4,8,2,3,5,1,0,0,0,0,0,0,0,0
continues,56,26,5,10,10,0,2,0,1,0,0,2,0,0,0,0,0
rich,56,22,14,2,8,1,3,0,3,0,0,2,0,1,0,0,0
receive,56,19,3,2,5,3,1,21,0,2,0,0,0,0,0,0,0
nearly,56,32,7,7,7,0,1,0,0,0,1,1,0,0,0,0,0
matter,56,24,12,7,7,0,4,0,2,0,0,0,0,0,0,0,0
gets,56,20,8,2,9,6,3,2,0,5,1,0,0,0,0,0,0
cashapp,56,9,1,9,1,1,35,0,0,0,0,0,0,0,0,0,0
reports,56,46,3,4,2,0,0,0,0,1,0,0,0,0,0,0,0
small,56,21,10,11,10,0,2,1,0,0,0,0,0,1,0,0,0
needs,56,22,10,8,8,0,2,4,0,1,0,0,0,0,1,0,0
bear,56,15,9,9,14,0,1,1,4,1,0,2,0,0,0,0,0
token,56,6,6,23,4,2,9,4,0,1,0,1,0,0,0,0,0
investing,55,24,9,3,13,0,5,0,1,0,0,0,0,0,0,0,0
2000,55,5,15,18,7,2,6,0,0,0,1,1,0,0,0,0,0
banned,55,21,4,17,7,2,1,1,1,0,0,1,0,0,0,0,0
renewable,55,37,1,7,6,1,0,1,1,0,0,0,0,0,1,0,0
literally,55,21,13,4,9,1,2,2,1,1,0,0,0,1,0,0,0
20000,55,16,16,1,4,0,4,8,0,2,3,0,0,1,0,0,0
bad,55,18,20,2,6,2,3,1,2,1,0,0,0,0,0,0,0
2014,55,26,15,3,3,2,1,4,1,0,0,0,0,0,0,0,0
closed,55,37,3,2,12,0,0,0,1,0,0,0,0,0,0,0,0
s2f,55,44,1,2,8,0,0,0,0,0,0,0,0,0,0,0,0
security,54,27,5,6,6,0,5,1,1,1,1,1,0,0,0,0,0
try,54,34,6,5,2,1,1,1,1,0,0,0,1,1,0,0,1
officially,54,30,5,5,7,0,2,0,2,0,1,2,0,0,0,0,0
clients,54,41,4,2,6,0,0,0,1,0,0,0,0,0,0,0,0
60k,54,18,7,5,9,4,4,1,2,0,2,1,0,0,1,0,0
accounts,54,32,6,5,2,0,4,2,0,2,0,1,0,0,0,0,0
welcome,54,20,14,7,9,1,0,0,0,0,1,1,0,0,1,0,0
hodlers,54,23,13,3,10,0,1,1,0,0,0,3,0,0,0,0,0
save,54,20,15,4,11,0,2,1,0,0,0,0,0,1,0,0,0
faster,54,23,4,4,15,0,0,7,1,0,0,0,0,0,0,0,0
currently,54,21,2,8,17,0,5,1,0,0,0,0,0,0,0,0,0
video,54,18,10,6,11,2,5,2,0,0,0,0,0,0,0,0,0
hands,53,28,5,3,6,1,2,2,3,0,0,1,0,0,2,0,0
yesterday,53,24,8,6,11,0,0,1,1,0,0,2,0,0,0,0,0
nakamoto,53,32,10,4,3,0,3,0,0,0,1,0,0,0,0,0,0
cnbc,53,34,6,4,5,0,3,1,0,0,0,0,0,0,0,0,0
media,53,16,10,8,7,0,1,2,2,1,1,4,0,0,0,1,0
stimulus,53,37,11,2,0,0,2,0,0,0,0,0,0,0,1,0,0
private,53,33,6,7,4,0,0,0,0,1,0,2,0,0,0,0,0
access,53,23,4,11,10,0,0,0,3,0,1,1,0,0,0,0,0
space,53,21,5,5,10,3,5,3,0,0,0,1,0,0,0,0,0
altcoin,53,4,3,14,8,2,12,0,3,7,0,0,0,0,0,0,0
project,52,15,1,21,7,6,2,0,0,0,0,0,0,0,0,0,0
details,52,4,1,42,1,1,0,3,0,0,0,0,0,0,0,0,0
michael,52,32,7,2,6,0,3,0,1,0,0,0,0,0,1,0,0
return,52,33,10,4,2,0,2,0,1,0,0,0,0,0,0,0,0
july,52,19,2,10,11,0,6,1,0,0,2,0,0,1,0,0,0
late,52,24,11,1,13,1,1,1,0,0,0,0,0,0,0,0,0
currencies,52,29,9,4,4,0,4,1,0,1,0,0,0,0,0,0,0
2016,52,29,11,2,3,1,1,5,0,0,0,0,0,0,0,0,0
earn,52,6,9,5,6,1,5,5,0,14,0,1,0,0,0,0,0
fees,52,11,10,13,13,1,1,1,0,0,0,1,0,1,0,0,0
update,52,18,15,6,10,0,0,1,0,1,0,1,0,0,0,0,0
safemoon,52,1,7,17,16,3,0,3,0,5,0,0,0,0,0,0,0
retail,51,25,2,4,13,1,2,2,1,0,0,0,0,1,0,0,0
traded,51,37,4,3,7,0,0,0,0,0,0,0,0,0,0,0,0
correction,51,16,18,3,6,2,3,0,1,1,0,0,0,1,0,0,0
eyes,51,25,7,2,9,0,1,3,1,1,0,0,1,1,0,0,0
bubble,51,21,12,3,8,2,0,0,1,4,0,0,0,0,0,0,0
number,51,19,7,8,15,1,1,0,0,0,0,0,0,0,0,0,0
longer,51,16,15,6,8,0,1,1,2,2,0,0,0,0,0,0,0
called,51,27,6,3,7,1,1,4,1,0,0,0,0,1,0,0,0
fast,51,21,6,5,14,0,4,1,0,0,0,0,0,0,0,0,0
invested,51,17,9,6,4,2,2,1,0,0,9,0,0,0,1,0,0
countries,51,25,10,9,2,0,3,1,1,0,0,0,0,0,0,0,0
spot,51,25,6,8,9,0,0,0,0,0,0,2,0,1,0,0,0
taproot,51,34,5,8,0,1,3,0,0,0,0,0,0,0,0,0,0
firm,51,37,3,2,2,0,5,0,2,0,0,0,0,0,0,0,0
latest,51,23,8,7,8,0,2,0,0,2,1,0,0,0,0,0,0
litecoin,51,14,6,10,3,0,2,8,0,3,1,3,0,1,0,0,0
chainlink,51,9,6,11,7,0,0,2,4,2,1,9,0,0,0,0,0
bloomberg,50,39,5,0,6,0,0,0,0,0,0,0,0,0,0,0,0
1st,50,14,7,8,7,1,2,8,2,0,0,0,0,1,0,0,0
scam,50,12,11,5,5,2,5,5,2,2,0,0,0,1,0,0,0
eventually,50,32,6,3,7,0,1,0,1,0,0,0,0,0,0,0,0
old,50,20,15,5,7,0,0,1,1,0,0,1,0,0,0,0,0
sending,50,6,11,12,5,1,13,2,0,0,0,0,0,0,0,0,0
thanks,50,12,13,9,10,0,3,1,1,0,0,1,0,0,0,0,0
thank,50,17,12,9,3,1,6,1,0,0,0,0,1,0,0,0,0
onchain,50,19,5,8,16,0,0,1,0,0,0,1,0,0,0,0,0
joins,50,8,1,36,4,0,0,0,0,0,0,0,0,1,0,0,0
alts,50,3,3,6,26,3,2,0,6,0,0,0,0,0,1,0,0
conference,49,27,5,4,7,1,3,1,0,0,0,0,0,0,1,0,0
launched,49,30,5,8,3,0,0,2,1,0,0,0,0,0,0,0,0
having,49,18,4,6,14,0,3,1,1,1,0,1,0,0,0,0,0
buys,49,24,10,4,6,0,0,1,0,1,2,1,0,0,0,0,0
true,49,18,11,4,5,3,5,1,0,0,0,0,0,2,0,0,0
sign,49,12,7,5,9,0,2,8,1,4,0,0,0,0,0,0,1
crazy,49,24,4,5,9,3,3,1,0,0,0,0,0,0,0,0,0
liquidity,49,9,12,9,5,0,0,6,0,2,0,5,0,1,0,0,0
team,49,27,5,8,3,0,1,0,1,2,1,0,0,0,0,0,1
isn’t,49,20,12,7,5,0,2,0,0,0,0,0,0,3,0,0,0
wrong,49,26,7,2,9,1,1,0,1,0,0,2,0,0,0,0,0
rise,49,20,11,6,5,1,3,0,0,2,1,0,0,0,0,0,0
bitcoiners,49,23,5,5,11,2,2,1,0,0,0,0,0,0,0,0,0
youtube,49,14,5,8,4,1,4,1,0,0,5,4,0,0,3,0,0
march,48,18,6,6,5,1,5,2,1,1,3,0,0,0,0,0,0
continue,48,17,10,3,10,0,2,0,1,3,0,0,0,0,2,0,0
nigeria,48,24,1,17,2,2,2,0,0,0,0,0,0,0,0,0,0
credit,48,31,8,4,3,0,0,2,0,0,0,0,0,0,0,0,0
offer,48,33,3,1,3,0,2,4,0,2,0,0,0,0,0,0,0
pool,48,11,1,23,9,0,1,2,0,1,0,0,0,0,0,0,0
lost,48,22,10,4,3,0,2,2,0,3,0,1,0,1,0,0,0
broke,48,16,12,2,13,0,4,0,0,0,1,0,0,0,0,0,0
dorsey,48,37,4,3,2,0,1,1,0,0,0,0,0,0,0,0,0
human,48,30,8,2,1,0,1,1,0,1,0,0,2,2,0,0,0
search,48,4,3,20,3,0,14,4,0,0,0,0,0,0,0,0,0
ilovecrypto,48,48,0,0,0,0,0,0,0,0,0,0,0,0,0,0,0
federal,47,30,7,2,4,2,2,0,0,0,0,0,0,0,0,0,0
wallets,47,22,4,9,5,1,4,1,0,0,0,1,0,0,0,0,0
approved,47,30,4,3,9,1,0,0,0,0,0,0,0,0,0,0,0
april,47,17,8,4,8,1,1,2,3,1,1,0,0,0,1,0,0
“the,47,35,5,2,3,0,1,0,0,1,0,0,0,0,0,0,0
based,47,24,8,6,9,0,0,0,0,0,0,0,0,0,0,0,0
breaks,47,13,9,3,8,8,3,1,0,1,1,0,0,0,0,0,0
simple,47,13,11,6,10,0,3,0,0,2,0,0,2,0,0,0,0
choose,47,20,13,2,5,2,2,1,0,1,0,0,0,0,0,0,1
green,47,30,3,5,6,0,0,1,1,0,1,0,0,0,0,0,0
theyre,47,22,8,7,3,1,4,1,1,0,0,0,0,0,0,0,0
starting,47,19,2,6,13,1,2,0,0,1,2,1,0,0,0,0,0
400,47,15,5,9,6,1,6,2,1,0,1,0,0,1,0,0,0
fact,47,11,12,3,14,0,1,1,3,0,0,0,1,1,0,0,0
line,47,23,5,3,12,0,2,2,0,0,0,0,0,0,0,0,0
2015,47,23,8,4,2,1,0,4,0,0,4,1,0,0,0,0,0
rewards,47,10,1,9,6,0,2,3,0,12,4,0,0,0,0,0,0
giveaways,47,0,0,36,1,4,4,1,0,0,0,1,0,0,0,0,0
uni,47,11,0,20,2,0,1,4,0,0,0,9,0,0,0,0,0
tron,47,5,2,17,3,0,10,1,0,2,1,6,0,0,0,0,0
management,46,34,4,2,4,0,1,0,0,0,0,0,0,0,0,1,0
party,46,25,10,2,1,1,0,3,4,0,0,0,0,0,0,0,0
launching,46,26,5,6,2,1,2,3,0,0,0,0,0,1,0,0,0
different,46,18,9,7,10,0,0,1,0,0,0,0,0,0,1,0,0
jpmorgan,46,33,4,1,1,0,0,4,1,2,0,0,0,0,0,0,0
greatest,46,26,6,3,4,0,3,1,0,0,1,0,2,0,0,0,0
millions,46,17,10,6,5,4,3,0,0,0,0,1,0,0,0,0,0
growing,46,23,8,2,10,2,0,0,0,1,0,0,0,0,0,0,0
printing,46,27,8,1,6,1,2,0,0,0,0,0,0,1,0,0,0
exposure,46,31,3,5,4,0,2,0,0,0,0,0,1,0,0,0,0
building,46,25,7,5,4,0,1,3,0,0,1,0,0,0,0,0,0
yes,46,11,11,6,17,0,0,1,0,0,0,0,0,0,0,0,0
family,46,17,11,3,5,0,2,1,4,0,1,0,0,2,0,0,0
focus,46,14,3,21,7,0,0,1,0,0,0,0,0,0,0,0,0
2010,46,20,8,6,5,0,0,5,0,0,2,0,0,0,0,0,0
create,46,30,2,6,5,0,0,0,1,0,0,2,0,0,0,0,0
idea,46,26,8,4,6,0,0,0,2,0,0,0,0,0,0,0,0
holders,45,11,4,11,14,0,2,0,1,1,0,1,0,0,0,0,0
usa,45,21,8,1,5,1,3,5,1,0,0,0,0,0,0,0,0
form,45,17,7,9,4,1,5,1,0,1,0,0,0,0,0,0,0
happening,45,20,5,1,13,0,3,0,2,0,1,0,0,0,0,0,0
happen,45,15,11,2,13,0,1,1,1,0,0,0,0,1,0,0,0
mayor,45,38,0,1,3,1,0,0,0,0,0,0,2,0,0,0,0
profit,45,13,5,8,7,2,4,0,1,0,0,4,0,1,0,0,0
feel,45,11,13,5,7,0,9,0,0,0,0,0,0,0,0,0,0
giant,45,19,13,3,7,0,0,1,0,0,0,0,0,0,0,2,0
forever,45,27,6,4,6,0,1,0,0,0,1,0,0,0,0,0,0
takes,45,18,10,3,7,0,2,1,2,2,0,0,0,0,0,0,0
amazing,45,14,6,6,8,1,2,5,1,0,0,0,0,1,1,0,0
research,45,29,6,2,2,1,3,2,0,0,0,0,0,0,0,0,0
build,45,19,7,5,9,1,1,3,0,0,0,0,0,0,0,0,0
lose,45,23,9,3,2,0,1,0,2,3,0,1,1,0,0,0,0
stellar,45,10,0,31,1,0,0,0,0,0,1,2,0,0,0,0,0
goodluck,45,0,1,1,11,0,2,22,0,0,0,3,0,0,0,0,5
giveawayalert,45,1,2,20,0,1,3,0,3,0,0,15,0,0,0,0,0
vidt,45,39,0,1,0,0,0,0,0,0,0,5,0,0,0,0,0
celebrate,45,5,8,8,6,1,11,2,0,1,0,0,0,0,3,0,0
happened,44,20,9,6,7,1,0,1,0,0,0,0,0,0,0,0,0
man,44,21,5,2,5,2,6,1,0,0,1,0,0,1,0,0,0
uses,44,27,6,3,2,1,2,1,2,0,0,0,0,0,0,0,0
returns,44,19,6,16,2,0,0,0,0,0,1,0,0,0,0,0,0
40k,44,14,7,5,9,4,2,0,2,1,0,0,0,0,0,0,0
custody,44,28,6,2,5,0,2,0,0,0,1,0,0,0,0,0,0
moment,44,15,8,12,3,2,1,0,1,0,0,0,1,1,0,0,0
held,44,19,6,3,11,1,1,2,0,1,0,0,0,0,0,0,0
realize,44,26,8,0,6,1,0,0,2,0,1,0,0,0,0,0,0
simply,44,11,6,2,8,1,12,0,2,0,0,2,0,0,0,0,0
fear,44,9,28,0,7,0,0,0,0,0,0,0,0,0,0,0,0
tokens,44,2,6,9,2,1,2,0,0,21,0,0,0,1,0,0,0
las,44,22,0,0,16,5,1,0,0,0,0,0,0,0,0,0,0
uniswap,44,1,1,24,2,1,11,0,0,0,1,1,0,2,0,0,0
cold,43,37,1,2,1,0,1,0,1,0,0,0,0,0,0,0,0
storage,43,39,1,3,0,0,0,0,0,0,0,0,0,0,0,0,0
advice,43,25,12,3,1,0,0,0,0,0,0,0,0,0,1,0,1
platform,43,20,2,6,2,0,3,2,0,0,0,6,1,1,0,0,0
peak,43,10,12,0,17,0,2,0,0,0,0,1,0,1,0,0,0
portfolio,43,25,7,2,4,1,2,1,0,0,0,0,0,0,1,0,0
printed,43,15,7,3,1,15,1,0,0,0,1,0,0,0,0,0,0
shares,43,22,6,5,6,0,0,1,0,3,0,0,0,0,0,0,0
3000,43,12,8,9,4,4,2,1,2,1,0,0,0,0,0,0,0
taking,43,21,6,2,8,0,0,2,2,0,1,0,1,0,0,0,0
reached,43,27,8,1,4,0,2,0,0,0,0,1,0,0,0,0,0
index,43,13,18,6,5,0,1,0,0,0,0,0,0,0,0,0,0
bitcoin’s,43,24,8,0,8,0,1,0,0,1,0,0,1,0,0,0,0
add,43,20,3,4,11,1,1,2,0,0,0,0,0,0,0,1,0
talking,43,16,7,4,9,1,0,1,2,0,2,0,0,0,0,0,1
guys,43,4,13,4,6,2,5,3,1,0,0,0,0,0,0,0,5
little,43,12,11,7,5,0,5,0,0,1,0,0,1,0,0,0,1
mined,43,16,14,4,6,0,2,0,0,0,1,0,0,0,0,0,0
adopt,43,25,5,5,5,0,1,0,1,1,0,0,0,0,0,0,0
tech,43,19,6,3,8,0,5,0,0,0,2,0,0,0,0,0,0
rest,43,9,2,3,6,3,2,0,14,1,0,0,0,2,1,0,0
complete,43,6,3,7,10,3,0,3,0,11,0,0,0,0,0,0,0
tsla,43,9,8,13,7,1,2,0,0,3,0,0,0,0,0,0,0
jan,43,5,18,4,3,0,4,2,0,1,6,0,0,0,0,0,0
happens,42,20,5,3,11,0,1,1,0,0,0,0,1,0,0,0,0
red,42,30,3,2,7,0,0,0,0,0,0,0,0,0,0,0,0
paper,42,17,10,3,7,0,1,2,0,0,2,0,0,0,0,0,0
30k,42,9,9,8,9,1,2,0,1,1,1,0,0,0,1,0,0
oil,42,18,6,7,7,0,1,0,0,2,1,0,0,0,0,0,0
listed,42,6,5,18,1,0,1,7,0,2,0,0,0,1,0,1,0
wow,42,19,7,4,5,0,1,1,0,1,1,0,0,2,1,0,0
gonna,42,14,7,1,9,3,3,1,1,0,0,1,0,2,0,0,0
smart,42,10,8,3,12,1,1,3,1,1,1,1,0,0,0,0,0
spent,42,23,4,5,7,0,0,1,1,1,0,0,0,0,0,0,0
grow,42,12,3,6,4,1,1,1,1,0,0,13,0,0,0,0,0
clean,42,24,5,5,3,2,1,1,1,0,0,0,0,0,0,0,0
event,42,12,7,6,7,1,5,2,0,1,0,0,1,0,0,0,0
bet,42,18,12,6,4,0,1,0,0,0,0,1,0,0,0,0,0
convert,42,28,4,5,4,0,1,0,0,0,0,0,0,0,0,0,0
180,42,32,2,2,3,1,1,0,0,0,0,0,0,1,0,0,0
por,42,16,0,0,16,5,5,0,0,0,0,0,0,0,0,0,0
target,41,12,12,8,8,0,0,0,0,1,0,0,0,0,0,0,0
strategy,41,31,1,4,3,0,1,0,0,0,0,0,0,0,0,1,0
corporate,41,22,8,2,7,0,1,0,0,0,1,0,0,0,0,0,0
finally,41,19,5,5,8,0,0,1,2,1,0,0,0,0,0,0,0
ark,41,33,3,3,2,0,0,0,0,0,0,0,0,0,0,0,0
volatile,41,27,3,2,6,0,1,0,0,0,0,0,0,2,0,0,0
etfs,41,22,3,2,10,0,2,0,0,2,0,0,0,0,0,0,0
thought,41,14,4,4,13,1,2,1,1,1,0,0,0,0,0,0,0
savings,41,20,9,1,8,0,1,1,1,0,0,0,0,0,0,0,0
beginning,41,18,10,3,8,1,0,0,1,0,0,0,0,0,0,0,0
source,41,21,5,4,3,2,1,0,1,4,0,0,0,0,0,0,0
electricity,41,22,4,1,9,1,1,1,1,1,0,0,0,0,0,0,0
possible,41,11,10,7,5,3,1,1,0,1,0,0,1,1,0,0,0
november,41,13,7,5,6,3,3,1,0,2,1,0,0,0,0,0,0
fee,41,8,17,3,4,0,2,6,0,0,0,0,0,1,0,0,0
guess,41,11,10,5,8,0,2,2,0,0,1,1,0,0,0,1,0
completely,41,21,4,5,6,1,2,1,1,0,0,0,0,0,0,0,0
additional,41,26,3,2,7,1,0,1,1,0,0,0,0,0,0,0,0
tap,41,1,0,18,3,0,16,3,0,0,0,0,0,0,0,0,0
fib,41,36,0,0,5,0,0,0,0,0,0,0,0,0,0,0,0
filed,40,30,0,3,3,0,4,0,0,0,0,0,0,0,0,0,0
october,40,24,4,6,3,2,1,0,0,0,0,0,0,0,0,0,0
paul,40,28,5,1,4,1,1,0,0,0,0,0,0,0,0,0,0
american,40,21,6,4,4,1,1,0,0,1,1,0,0,0,1,0,0
national,40,29,8,0,2,0,0,0,0,0,1,0,0,0,0,0,0
bankers,40,22,5,1,7,1,2,0,0,1,0,0,0,1,0,0,0
amc,40,15,2,9,3,7,1,0,0,0,2,0,1,0,0,0,0
bigger,40,8,10,5,7,1,0,1,1,2,2,0,0,2,1,0,0
message,40,17,3,6,3,7,4,0,0,0,0,0,0,0,0,0,0
2012,40,19,6,3,4,1,1,5,0,1,0,0,0,0,0,0,0
ask,40,11,15,1,6,2,2,1,0,1,0,0,0,1,0,0,0
rights,40,34,2,0,0,0,2,1,0,0,0,0,0,1,0,0,0
pac,40,40,0,0,0,0,0,0,0,0,0,0,0,0,0,0,0
stanley,39,24,7,1,3,1,0,0,2,0,0,0,1,0,0,0,0
place,39,17,7,4,7,1,1,1,1,0,0,0,0,0,0,0,0
poor,39,11,13,1,1,1,5,1,3,2,0,1,0,0,0,0,0
spend,39,16,6,7,6,0,2,0,0,1,0,0,0,1,0,0,0
i’ve,39,9,14,3,7,0,2,0,1,0,1,0,1,0,0,0,1
june,39,15,4,10,7,0,1,1,0,1,0,0,0,0,0,0,0
theres,39,15,8,1,8,1,1,3,1,0,0,1,0,0,0,0,0
net,39,16,4,3,11,0,1,1,1,0,0,1,0,0,1,0,0
december,39,22,4,3,5,0,3,1,0,0,0,1,0,0,0,0,0
play,39,8,17,5,5,0,3,0,0,0,0,0,1,0,0,0,0
reply,39,7,0,5,4,1,16,4,0,0,0,1,0,0,1,0,0
60000,39,15,15,1,4,0,1,1,0,1,1,0,0,0,0,0,0
ive,39,15,9,1,10,0,1,2,1,0,0,0,0,0,0,0,0
clear,39,11,13,3,7,0,1,0,2,0,1,0,0,0,1,0,0
dead,39,14,14,5,1,2,0,0,0,0,0,1,2,0,0,0,0
submit,39,1,1,37,0,0,0,0,0,0,0,0,0,0,0,0,0
task,39,0,1,37,0,0,0,1,0,0,0,0,0,0,0,0,0
whales,38,6,1,1,21,0,5,0,3,0,0,0,0,0,1,0,0
canada,38,29,1,2,5,0,0,0,1,0,0,0,0,0,0,0,0
india,38,29,2,0,3,0,3,0,0,1,0,0,0,0,0,0,0
gives,38,16,4,5,9,0,1,1,0,1,0,0,0,1,0,0,0
holds,38,23,7,4,2,0,0,0,1,1,0,0,0,0,0,0,0
added,38,18,5,4,6,0,4,0,0,0,0,1,0,0,0,0,0
mainstream,38,19,9,1,6,1,0,0,2,0,0,0,0,0,0,0,0
lead,38,18,10,1,4,1,1,1,0,1,0,0,1,0,0,0,0
hash,38,22,5,2,5,0,0,1,0,0,0,2,0,1,0,0,0
given,38,13,6,8,4,0,1,1,0,1,1,0,0,2,1,0,0
job,38,21,5,4,2,0,1,3,1,0,0,0,0,0,1,0,0
according,38,21,6,1,10,0,0,0,0,0,0,0,0,0,0,0,0
key,38,13,8,4,12,0,0,1,0,0,0,0,0,0,0,0,0
solution,38,28,3,2,2,0,2,1,0,0,0,0,0,0,0,0,0
heres,38,8,4,4,17,0,0,2,0,1,1,1,0,0,0,0,0
war,38,13,7,4,3,2,1,2,1,1,0,2,0,2,0,0,0
fake,38,5,23,2,5,0,2,0,1,0,0,0,0,0,0,0,0
retracement,38,35,0,0,2,0,0,0,1,0,0,0,0,0,0,0,0
fidelity,37,29,1,0,4,0,0,0,1,0,0,1,0,0,0,1,0
crisis,37,18,7,0,7,0,1,2,0,0,0,2,0,0,0,0,0
exactly,37,20,5,1,8,0,2,1,0,0,0,0,0,0,0,0,0
bitcoin”,37,28,3,1,3,0,1,0,0,0,0,0,1,0,0,0,0
manager,37,28,3,3,1,1,0,1,0,0,0,0,0,0,0,0,0
changed,37,18,7,4,5,0,1,1,0,1,0,0,0,0,0,0,0
increased,37,21,4,5,6,0,0,0,0,0,0,1,0,0,0,0,0
story,37,16,6,9,3,2,1,0,0,0,0,0,0,0,0,0,0
works,37,15,6,1,5,2,2,5,0,0,0,1,0,0,0,0,0
negative,37,19,9,1,2,0,1,0,2,1,0,0,0,2,0,0,0
environment,37,13,7,3,6,1,1,2,1,2,0,0,0,1,0,0,0
weekly,37,12,4,4,11,0,2,1,1,0,1,1,0,0,0,0,0
including,37,15,7,5,6,0,3,0,0,0,0,0,0,0,1,0,0
god,37,26,2,2,2,2,1,0,1,0,0,0,0,0,0,0,1
innovation,37,16,11,5,3,1,0,0,0,0,1,0,0,0,0,0,0
transfer,37,18,9,3,2,1,2,0,1,0,0,1,0,0,0,0,0
pass,37,8,6,12,7,1,0,0,2,0,0,0,0,1,0,0,0
passed,37,24,6,2,5,0,0,0,0,0,0,0,0,0,0,0,0
2011,37,13,7,3,6,0,1,3,0,0,4,0,0,0,0,0,0
potential,37,12,4,5,8,1,2,1,0,1,0,2,0,0,1,0,0
wont,37,17,9,5,3,0,1,0,1,0,1,0,0,0,0,0,0
interesting,37,9,4,4,12,2,3,2,1,0,0,0,0,0,0,0,0
satoshis,37,7,4,2,3,0,8,13,0,0,0,0,0,0,0,0,0
gokhshteinmedia,37,37,0,0,0,0,0,0,0,0,0,0,0,0,0,0,0
httpwalletofsatoshicom,37,0,0,0,0,0,0,37,0,0,0,0,0,0,0,0,0
home,36,17,4,9,3,0,1,1,1,0,0,0,0,0,0,0,0
billions,36,26,3,2,1,1,1,0,1,0,0,0,0,1,0,0,0
backed,36,16,5,0,12,0,0,3,0,0,0,0,0,0,0,0,0
blackrock,36,24,1,4,4,0,2,0,0,1,0,0,0,0,0,0,0
won’t,36,16,14,0,3,0,1,0,0,1,0,0,1,0,0,0,0
mind,36,15,2,5,9,0,1,1,1,0,1,0,0,0,1,0,0
expect,36,14,8,6,8,0,0,0,0,0,0,0,0,0,0,0,0
cheap,36,9,6,1,10,0,1,0,1,0,0,6,2,0,0,0,0
senator,36,26,3,1,2,0,1,0,0,0,2,0,1,0,0,0,0
rally,36,4,7,9,6,0,2,2,1,5,0,0,0,0,0,0,0
bears,36,16,3,4,7,0,4,1,1,0,0,0,0,0,0,0,0
september,36,11,6,8,8,2,0,1,0,0,0,0,0,0,0,0,0
available,36,11,6,5,6,2,3,2,0,0,1,0,0,0,0,0,0
sound,36,20,4,3,5,1,1,2,0,0,0,0,0,0,0,0,0
interview,36,14,3,9,5,1,3,0,0,0,0,1,0,0,0,0,0
forward,36,19,3,5,5,1,1,1,0,0,0,0,0,0,1,0,0
secure,36,19,4,5,4,0,1,2,0,1,0,0,0,0,0,0,0
channel,36,4,3,11,13,5,0,0,0,0,0,0,0,0,0,0,0
near,36,6,5,4,10,0,1,1,2,1,0,6,0,0,0,0,0
cryptotwitter,36,0,0,25,2,7,1,1,0,0,0,0,0,0,0,0,0
yfi,36,22,1,5,1,1,0,0,0,0,0,6,0,0,0,0,0
una,36,18,0,1,11,3,3,0,0,0,0,0,0,0,0,0,0
launchzoneann,36,0,0,21,15,0,0,0,0,0,0,0,0,0,0,0,0
world’s,35,18,6,5,0,1,0,3,0,0,0,0,0,2,0,0,0
considering,35,25,2,1,5,0,0,0,1,0,0,0,0,0,0,1,0
there’s,35,13,6,2,10,0,0,1,0,0,0,0,0,3,0,0,0
hey,35,10,6,1,6,8,0,1,1,0,0,1,0,1,0,0,0
fall,35,11,9,1,6,1,4,1,1,0,0,1,0,0,0,0,0
agree,35,20,7,1,2,4,0,0,0,0,0,1,0,0,0,0,0
trend,35,10,7,4,8,0,3,0,2,0,1,0,0,0,0,0,0
longterm,35,15,2,5,10,0,1,0,0,1,0,1,0,0,0,0,0
significant,35,10,2,8,8,0,5,0,0,0,1,0,0,0,0,0,1
30000,35,17,10,3,2,0,1,0,0,0,2,0,0,0,0,0,0
owning,35,13,4,4,13,0,0,0,1,0,0,0,0,0,0,0,0
north,35,28,2,3,1,1,0,0,0,0,0,0,0,0,0,0,0
choice,35,17,6,3,6,0,2,0,0,1,0,0,0,0,0,0,0
citizens,35,25,1,2,4,0,1,0,0,0,0,1,0,1,0,0,0
protect,35,20,5,2,5,0,2,1,0,0,0,0,0,0,0,0,0
mark,35,16,8,2,4,1,1,3,0,0,0,0,0,0,0,0,0
special,35,9,6,7,5,0,0,8,0,0,0,0,0,0,0,0,0
century,35,27,2,1,3,0,1,0,0,1,0,0,0,0,0,0,0
stack,35,15,5,1,1,0,1,12,0,0,0,0,0,0,0,0,0
pancakeswap,35,0,4,25,0,0,1,3,0,0,0,0,0,1,0,0,1
microsoft,34,11,2,8,1,0,2,0,1,0,9,0,0,0,0,0,0
guy,34,13,10,3,5,1,1,0,0,0,0,1,0,0,0,0,0
resistance,34,11,8,0,8,2,1,1,3,0,0,0,0,0,0,0,0
confirmed,34,21,2,2,7,0,1,0,0,0,0,0,0,1,0,0,0
earlier,34,14,15,3,1,0,1,0,0,0,0,0,0,0,0,0,0
ignore,34,17,7,1,7,0,0,0,2,0,0,0,0,0,0,0,0
attention,34,15,3,4,9,0,1,1,1,0,0,0,0,0,0,0,0
nasdaq,34,19,2,7,3,0,1,1,0,0,1,0,0,0,0,0,0
tether,34,6,1,1,20,1,0,0,0,0,0,4,1,0,0,0,0
progress,34,25,3,3,2,0,1,0,0,0,0,0,0,0,0,0,0
mean,34,11,7,5,5,0,2,1,0,0,0,0,0,2,1,0,0
fully,34,19,4,2,5,0,2,0,0,0,0,1,1,0,0,0,0
jones,34,23,6,0,4,0,0,0,0,0,1,0,0,0,0,0,0
levels,34,19,2,1,8,0,2,0,2,0,0,0,0,0,0,0,0
congress,34,21,4,1,6,0,1,0,0,0,0,0,0,0,1,0,0
oct,34,4,4,14,7,1,1,1,0,0,2,0,0,0,0,0,0
series,34,8,19,5,0,0,0,0,0,1,1,0,0,0,0,0,0
population,34,22,5,1,4,0,0,0,0,0,0,0,0,1,1,0,0
signal,34,15,4,3,7,0,2,0,1,0,0,2,0,0,0,0,0
resposta,34,22,7,1,1,1,2,0,0,0,0,0,0,0,0,0,0
software,34,24,3,1,3,0,1,0,0,1,0,0,0,0,1,0,0
40000,34,17,7,0,3,0,3,2,0,0,2,0,0,0,0,0,0
traditional,34,13,6,3,8,0,0,1,0,1,2,0,0,0,0,0,0
recent,34,13,5,6,5,0,3,0,0,0,0,2,0,0,0,0,0
reminder,34,15,8,4,5,0,0,1,0,0,0,0,0,0,1,0,0
telling,34,11,10,2,8,0,0,1,1,0,1,0,0,0,0,0,0
ether,34,20,0,2,3,0,8,0,0,1,0,0,0,0,0,0,0
btt,34,15,0,3,3,1,1,0,0,0,0,10,0,0,1,0,0
como,34,15,0,0,10,5,4,0,0,0,0,0,0,0,0,0,0
3rd,33,17,8,4,1,0,0,1,1,0,1,0,0,0,0,0,0
listen,33,11,5,1,5,1,1,1,3,2,1,0,0,2,0,0,0
banning,33,12,5,7,8,0,1,0,0,0,0,0,0,0,0,0,0
adding,33,19,2,3,8,0,0,0,1,0,0,0,0,0,0,0,0
waiting,33,17,4,2,3,1,2,2,2,0,0,0,0,0,0,0,0
changing,33,19,5,0,6,0,1,1,1,0,0,0,0,0,0,0,0
cathie,33,29,1,1,1,0,1,0,0,0,0,0,0,0,0,0,0
listing,33,12,6,11,2,0,1,1,0,0,0,0,0,0,0,0,0
valuable,33,18,8,1,1,0,2,2,0,0,1,0,0,0,0,0,0
car,33,7,13,8,2,0,2,1,0,0,0,0,0,0,0,0,0
20k,33,6,9,2,10,3,1,1,0,1,0,0,0,0,0,0,0
stake,33,11,4,5,6,0,2,5,0,0,0,0,0,0,0,0,0
reason,33,14,8,2,5,0,1,1,1,0,0,0,1,0,0,0,0
adopting,33,23,4,1,3,1,0,0,0,0,0,0,0,1,0,0,0
thinking,33,10,2,4,11,0,4,0,1,0,0,0,0,0,0,0,1
white,33,16,3,4,4,0,2,1,1,0,1,0,0,0,0,0,1
code,33,15,9,4,2,0,3,0,0,0,0,0,0,0,0,0,0
comes,33,14,7,1,9,1,1,0,0,0,0,0,0,0,0,0,0
2nd,33,13,4,6,6,0,1,1,1,0,0,1,0,0,0,0,0
starts,33,6,3,15,2,1,1,3,1,0,0,0,0,0,1,0,0
salvadors,33,28,0,3,2,0,0,0,0,0,0,0,0,0,0,0,0
built,33,23,1,0,5,0,2,1,0,0,0,1,0,0,0,0,0
1000000,33,8,15,3,3,2,0,2,0,0,0,0,0,0,0,0,0
running,33,14,5,2,8,1,0,0,2,0,0,0,0,1,0,0,0
powerful,33,15,3,2,11,0,1,0,1,0,0,0,0,0,0,0,0
monthly,33,9,7,1,13,0,2,0,1,0,0,0,0,0,0,0,0
bukele,33,15,0,3,6,7,1,0,0,1,0,0,0,0,0,0,0
nftcommunity,33,0,11,4,6,5,2,5,0,0,0,0,0,0,0,0,0
icx,33,30,0,1,1,0,0,0,0,0,0,1,0,0,0,0,0
bounty,33,0,1,27,0,1,4,0,0,0,0,0,0,0,0,0,0
dólares,33,9,0,0,21,2,1,0,0,0,0,0,0,0,0,0,0
nftgiveaway,33,0,9,12,6,5,0,1,0,0,0,0,0,0,0,0,0
premium,32,7,2,3,2,0,4,0,0,1,0,13,0,0,0,0,0
scarcity,32,18,1,0,11,0,1,0,0,0,0,1,0,0,0,0,0
head,32,17,7,0,5,0,1,0,0,0,1,0,0,1,0,0,0
peter,32,17,4,2,2,0,0,1,0,2,3,1,0,0,0,0,0
chinese,32,14,3,3,7,1,2,1,0,1,0,0,0,0,0,0,0
service,32,23,1,0,2,0,4,0,1,1,0,0,0,0,0,0,0
print,32,13,8,3,2,0,3,0,1,0,0,2,0,0,0,0,0
bearish,32,13,4,1,9,2,2,0,1,0,0,0,0,0,0,0,0
deal,32,5,5,10,8,0,1,2,0,0,0,0,0,0,0,0,1
spacex,32,15,3,1,5,0,0,0,2,0,4,0,0,0,2,0,0
weekend,32,12,4,3,4,2,5,1,0,0,0,0,0,0,1,0,0
protocol,32,12,4,8,4,0,0,0,0,1,1,2,0,0,0,0,0
individual,32,21,6,0,3,0,2,0,0,0,0,0,0,0,0,0,0
didn’t,32,6,8,5,2,1,4,0,0,0,3,0,0,3,0,0,0
macro,32,11,4,3,10,0,1,0,0,0,1,0,0,2,0,0,0
article,32,11,1,13,6,0,1,0,0,0,0,0,0,0,0,0,0
whats,32,4,5,12,4,1,2,1,1,0,0,2,0,0,0,0,0
bch,32,7,3,12,3,0,1,5,1,0,0,0,0,0,0,0,0
egld,32,18,3,2,0,0,1,0,0,0,0,8,0,0,0,0,0
atms,31,24,1,2,4,0,0,0,0,0,0,0,0,0,0,0,0
expensive,31,18,0,4,3,0,1,0,0,0,0,3,0,2,0,0,0
bonus,31,2,3,9,2,3,4,5,0,1,0,0,0,0,1,0,1
ray,31,18,2,2,5,0,3,0,1,0,0,0,0,0,0,0,0
calls,31,17,5,4,3,0,0,0,0,2,0,0,0,0,0,0,0
hashrate,31,25,3,0,2,0,0,1,0,0,0,0,0,0,0,0,0
online,31,17,2,5,4,0,1,0,0,2,0,0,0,0,0,0,0
list,31,9,2,6,4,0,6,3,1,0,0,0,0,0,0,0,0
january,31,16,3,5,3,1,1,2,0,0,0,0,0,0,0,0,0
note,31,7,4,1,16,0,1,0,0,0,0,0,0,0,2,0,0
theory,31,14,4,1,8,0,2,1,1,0,0,0,0,0,0,0,0
weve,31,7,5,2,8,0,1,4,2,0,0,1,0,1,0,0,0
infrastructure,31,15,2,5,6,0,1,1,0,1,0,0,0,0,0,0,0
policy,31,17,6,2,3,0,2,0,0,0,1,0,0,0,0,0,0
incredible,31,11,9,1,6,0,1,0,1,0,0,0,0,2,0,0,0
corporations,31,22,6,1,1,0,0,0,1,0,0,0,0,0,0,0,0
interested,31,8,15,4,1,1,1,0,0,0,0,0,0,1,0,0,0
math,31,18,2,5,4,0,0,2,0,0,0,0,0,0,0,0,0
quick,31,5,12,1,4,0,2,0,0,6,1,0,0,0,0,0,0
wins,31,8,5,3,4,6,4,0,0,1,0,0,0,0,0,0,0
answer,31,9,8,1,4,0,3,5,1,0,0,0,0,0,0,0,0
discord,31,1,3,14,5,1,0,6,0,0,0,0,0,1,0,0,0
coinmarketcap,31,0,0,17,0,0,5,1,0,8,0,0,0,0,0,0,0
xdn,31,31,0,0,0,0,0,0,0,0,0,0,0,0,0,0,0
weak,30,20,4,2,4,0,0,0,0,0,0,0,0,0,0,0,0
fomo,30,9,5,1,10,1,1,2,0,1,0,0,0,0,0,0,0
traders,30,10,3,4,6,1,2,1,3,0,0,0,0,0,0,0,0
vote,30,15,3,1,2,2,6,0,0,1,0,0,0,0,0,0,0
card,30,16,5,6,1,0,0,2,0,0,0,0,0,0,0,0,0
gain,30,11,4,1,3,1,3,1,1,0,0,5,0,0,0,0,0
apompliano,30,7,15,2,4,0,1,0,0,0,0,1,0,0,0,0,0
nydig,30,24,3,0,3,0,0,0,0,0,0,0,0,0,0,0,0
2022,30,9,8,2,5,0,2,1,2,1,0,0,0,0,0,0,0
wish,30,9,13,3,3,0,0,0,2,0,0,0,0,0,0,0,0
attack,30,11,0,6,2,0,5,1,0,0,0,0,0,3,2,0,0
cool,30,7,7,2,9,0,1,1,0,0,0,1,0,2,0,0,0
truth,30,23,3,2,2,0,0,0,0,0,0,0,0,0,0,0,0
taxes,30,11,6,4,3,0,1,0,2,0,1,1,0,0,1,0,0
decision,30,15,1,6,4,0,1,0,1,0,0,1,1,0,0,0,0
coffee,30,9,4,8,5,1,0,1,2,0,0,0,0,0,0,0,0
mstr,30,19,4,2,4,0,0,0,0,0,0,1,0,0,0,0,0
node,30,14,3,10,2,0,0,0,0,1,0,0,0,0,0,0,0
offering,30,22,3,1,2,0,1,0,0,0,0,1,0,0,0,0,0
base,30,8,3,3,7,2,2,3,0,1,1,0,0,0,0,0,0
sees,30,18,3,2,3,0,0,1,2,1,0,0,0,0,0,0,0
broken,30,12,5,5,6,1,0,1,0,0,0,0,0,0,0,0,0
discuss,30,18,4,3,2,0,1,0,1,0,0,0,0,1,0,0,0
press,30,10,0,12,3,0,3,2,0,0,0,0,0,0,0,0,0
large,30,10,6,3,4,1,3,0,2,0,0,0,0,1,0,0,0
safe,30,11,4,5,7,0,0,3,0,0,0,0,0,0,0,0,0
announcement,30,10,2,4,9,0,3,0,1,0,1,0,0,0,0,0,0
subscribe,30,3,4,4,2,0,14,2,0,1,0,0,0,0,0,0,0
rsr,30,0,4,9,0,0,3,1,0,0,0,13,0,0,0,0,0
más,30,10,0,0,16,1,3,0,0,0,0,0,0,0,0,0,0
imo,29,13,2,1,11,0,0,1,0,0,0,1,0,0,0,0,0
directly,29,17,4,2,2,1,1,0,0,1,1,0,0,0,0,0,0
what’s,29,8,7,2,5,0,3,1,1,0,1,0,0,1,0,0,0
12000,29,8,6,1,1,1,0,12,0,0,0,0,0,0,0,0,0
they’re,29,19,1,0,7,0,0,0,1,0,0,0,0,1,0,0,0
needed,29,15,2,2,6,0,2,0,0,1,0,0,0,0,1,0,0
moves,29,10,4,2,10,0,0,1,1,1,0,0,0,0,0,0,0
house,29,18,4,0,2,1,1,0,3,0,0,0,0,0,0,0,0
imf,29,12,5,2,6,1,2,0,0,0,0,0,0,1,0,0,0
earth,29,16,5,1,4,0,3,0,0,0,0,0,0,0,0,0,0
local,29,18,3,2,3,2,1,0,0,0,0,0,0,0,0,0,0
hrs,29,1,1,3,2,13,4,5,0,0,0,0,0,0,0,0,0
dump,29,3,7,3,5,2,0,1,2,0,0,5,0,1,0,0,0
purchases,29,13,2,4,1,0,2,3,1,2,0,0,0,0,0,1,0
meme,29,11,2,4,5,1,2,1,0,1,0,1,0,0,1,0,0
sense,29,9,5,4,6,0,2,3,0,0,0,0,0,0,0,0,0
publicly,29,19,3,1,4,0,1,0,1,0,0,0,0,0,0,0,0
reddit,29,8,5,8,2,0,3,0,0,0,3,0,0,0,0,0,0
gone,29,13,4,2,9,0,0,0,1,0,0,0,0,0,0,0,0
“too,29,28,0,0,1,0,0,0,0,0,0,0,0,0,0,0,0
knows,29,15,2,3,6,0,1,0,2,0,0,0,0,0,0,0,0
announce,29,10,5,4,4,1,1,2,0,2,0,0,0,0,0,0,0
venmo,29,2,2,0,0,0,23,1,0,0,1,0,0,0,0,0,0
drops,29,6,10,0,6,1,3,0,2,0,0,0,0,1,0,0,0
tweets,29,6,4,0,10,3,2,0,2,2,0,0,0,0,0,0,0
speculative,29,6,1,3,10,2,1,0,0,2,0,0,0,2,2,0,0
comments,29,7,2,7,5,6,1,1,0,0,0,0,0,0,0,0,0
prize,29,1,1,6,0,17,0,3,0,1,0,0,0,0,0,0,0
question,29,11,7,3,6,0,2,0,0,0,0,0,0,0,0,0,0
dec,29,9,2,2,5,1,2,2,0,0,6,0,0,0,0,0,0
presale,29,0,1,18,0,0,1,5,0,0,0,3,0,1,0,0,0
matic,29,0,7,8,0,0,4,3,0,1,0,4,0,0,2,0,0
staking,29,1,4,9,3,0,4,6,0,0,0,2,0,0,0,0,0
download,29,1,1,8,2,0,0,17,0,0,0,0,0,0,0,0,0
effect,28,19,1,1,5,0,0,1,1,0,0,0,0,0,0,0,0
mastercard,28,20,2,1,1,3,0,0,0,0,1,0,0,0,0,0,0
wood,28,24,1,1,1,0,1,0,0,0,0,0,0,0,0,0,0
night,28,17,1,1,6,1,1,0,0,0,0,0,0,1,0,0,0
son,28,13,2,1,8,1,3,0,0,0,0,0,0,0,0,0,0
1200,28,12,6,4,3,0,1,1,0,0,0,0,0,1,0,0,0
netflix,28,4,6,7,0,1,0,0,0,0,10,0,0,0,0,0,0
gemini,28,21,1,0,4,0,0,1,0,1,0,0,0,0,0,0,0
pizza,28,17,2,3,3,2,0,1,0,0,0,0,0,0,0,0,0
tudor,28,20,5,0,3,0,0,0,0,0,0,0,0,0,0,0,0
fix,28,17,4,3,4,0,0,0,0,0,0,0,0,0,0,0,0
ahead,28,6,4,6,6,0,1,1,0,3,0,1,0,0,0,0,0
period,28,12,6,3,6,0,0,0,1,0,0,0,0,0,0,0,0
folks,28,5,3,3,14,0,0,1,0,0,1,1,0,0,0,0,0
2009,28,11,3,7,1,3,0,1,0,0,0,2,0,0,0,0,0
prediction,28,5,12,2,3,0,2,2,0,0,0,2,0,0,0,0,0
leading,28,10,5,7,2,1,0,0,2,1,0,0,0,0,0,0,0
similar,28,12,5,2,6,0,2,0,0,0,0,1,0,0,0,0,0
insane,28,6,8,0,12,0,1,0,1,0,0,0,0,0,0,0,0
transferred,28,10,2,10,4,2,0,0,0,0,0,0,0,0,0,0,0
accumulation,28,6,6,4,10,0,1,0,0,0,0,0,0,0,1,0,0
hodling,28,20,4,0,4,0,0,0,0,0,0,0,0,0,0,0,0
core,28,13,3,5,4,0,1,1,0,0,0,0,0,1,0,0,0
gamestop,28,10,5,4,2,1,1,2,0,1,2,0,0,0,0,0,0
pretty,28,8,6,2,9,0,0,2,0,0,0,0,0,0,1,0,0
won,28,9,7,5,2,0,2,0,0,2,1,0,0,0,0,0,0
positive,28,10,4,4,4,0,1,3,1,0,1,0,0,0,0,0,0
birthday,28,12,5,6,1,0,3,1,0,0,0,0,0,0,0,0,0
chivowallet,28,4,1,0,23,0,0,0,0,0,0,0,0,0,0,0,0
book,28,4,13,2,2,1,2,1,0,1,0,2,0,0,0,0,0
32000,28,2,25,0,1,0,0,0,0,0,0,0,0,0,0,0,0
greed,28,0,25,0,3,0,0,0,0,0,0,0,0,0,0,0,0
latoken,28,0,0,4,0,0,0,0,0,24,0,0,0,0,0,0,0
polkadot,28,1,12,8,1,0,1,1,1,0,1,2,0,0,0,0,0
buhari,28,0,0,27,0,0,0,1,0,0,0,0,0,0,0,0,0
gcash,28,0,2,0,0,1,20,4,1,0,0,0,0,0,0,0,0
presidente,28,18,0,0,4,5,1,0,0,0,0,0,0,0,0,0,0
cards,27,22,0,1,2,0,1,0,0,0,0,0,0,1,0,0,0
merchants,27,16,5,3,0,1,0,0,1,0,1,0,0,0,0,0,0
1500,27,5,4,11,1,0,2,0,0,1,2,0,0,0,1,0,0
americans,27,19,3,1,0,0,3,0,1,0,0,0,0,0,0,0,0
crashed,27,17,3,0,3,0,2,0,0,2,0,0,0,0,0,0,0
paying,27,11,4,4,6,0,2,0,0,0,0,0,0,0,0,0,0
bring,27,9,4,2,4,3,3,1,0,0,0,0,1,0,0,0,0
light,27,19,3,1,0,0,4,0,0,0,0,0,0,0,0,0,0
dalio,27,18,1,2,4,0,1,0,1,0,0,0,0,0,0,0,0
click,27,3,4,4,3,0,13,0,0,0,0,0,0,0,0,0,0
miss,27,5,7,4,4,2,2,2,1,0,0,0,0,0,0,0,0
hour,27,10,1,5,3,3,1,2,1,0,0,1,0,0,0,0,0
kind,27,14,3,1,7,1,0,0,0,1,0,0,0,0,0,0,0
texas,27,24,1,2,0,0,0,0,0,0,0,0,0,0,0,0,0
politicians,27,14,3,4,5,0,0,0,0,0,1,0,0,0,0,0,0
august,27,16,2,2,2,3,1,0,0,1,0,0,0,0,0,0,0
thousands,27,12,4,4,4,0,2,1,0,0,0,0,0,0,0,0,0
income,27,7,5,6,4,0,1,2,0,1,0,1,0,0,0,0,0
privacy,27,14,8,3,0,0,1,0,0,0,0,0,0,0,1,0,0
ecosystem,27,6,6,7,3,1,2,2,0,0,0,0,0,0,0,0,0
feels,27,8,5,2,10,0,2,0,0,0,0,0,0,0,0,0,0
jackmallers,27,20,1,3,1,1,0,1,0,0,0,0,0,0,0,0,0
impact,27,9,3,4,5,0,2,1,0,0,3,0,0,0,0,0,0
fight,27,10,3,3,8,0,3,0,0,0,0,0,0,0,0,0,0
excited,27,11,1,3,8,0,0,0,0,3,1,0,0,0,0,0,0
trending,27,9,5,2,5,1,0,1,0,4,0,0,0,0,0,0,0
cryptos,27,10,7,4,4,0,1,1,0,0,0,0,0,0,0,0,0
600,27,7,6,3,1,3,6,0,0,0,1,0,0,0,0,0,0
absolutely,27,10,5,2,5,0,1,0,2,0,0,0,0,2,0,0,0
enjoy,27,7,2,2,11,0,2,1,0,0,0,0,0,1,1,0,0
xtz,27,6,3,6,2,1,4,3,0,0,1,1,0,0,0,0,0
cro,27,0,5,2,0,0,2,8,0,0,0,10,0,0,0,0,0
reserves,26,15,5,2,2,0,0,1,1,0,0,0,0,0,0,0,0
york,26,19,3,1,2,0,0,0,0,0,0,0,1,0,0,0,0
shut,26,14,0,6,4,1,0,0,1,0,0,0,0,0,0,0,0
word,26,11,4,3,5,0,1,2,0,0,0,0,0,0,0,0,0
liquidated,26,10,2,2,5,0,2,0,2,0,0,3,0,0,0,0,0
biden,26,12,9,3,0,0,0,0,0,1,0,0,0,1,0,0,0
4000,26,13,4,3,3,2,0,0,0,1,0,0,0,0,0,0,0
allocation,26,8,5,2,6,0,0,3,0,0,0,1,0,0,0,1,0
begin,26,14,2,2,6,0,0,1,0,0,0,1,0,0,0,0,0
page,26,11,1,10,1,0,2,0,0,0,0,1,0,0,0,0,0
previous,26,12,5,2,5,0,0,0,0,1,0,1,0,0,0,0,0
quarter,26,14,2,1,6,0,1,1,0,1,0,0,0,0,0,0,0
leave,26,8,2,1,10,0,2,1,1,0,0,0,0,1,0,0,0
worldwide,26,18,2,4,1,0,0,1,0,0,0,0,0,0,0,0,0
gift,26,9,1,0,3,11,1,1,0,0,0,0,0,0,0,0,0
acquired,26,19,3,1,1,0,0,1,0,0,0,0,0,1,0,0,0
humanity,26,18,3,2,1,0,2,0,0,0,0,0,0,0,0,0,0
partnership,26,13,3,4,2,0,0,3,0,0,0,0,0,1,0,0,0
warren,26,17,3,3,2,0,0,1,0,0,0,0,0,0,0,0,0
user,26,13,3,2,8,0,0,0,0,0,0,0,0,0,0,0,0
miner,26,16,1,4,1,0,3,0,0,0,0,1,0,0,0,0,0
tonight,26,7,1,2,4,3,7,0,0,0,0,0,0,0,2,0,0
position,26,13,1,2,7,0,0,2,1,0,0,0,0,0,0,0,0
cross,26,16,0,2,3,1,1,0,0,0,2,1,0,0,0,0,0
order,26,12,3,2,3,0,3,2,0,0,0,1,0,0,0,0,0
globally,26,14,3,1,3,0,0,2,2,0,0,0,0,1,0,0,0
upgrade,26,19,1,4,0,1,1,0,0,0,0,0,0,0,0,0,0
explain,26,13,7,5,0,0,1,0,0,0,0,0,0,0,0,0,0
peterschiff,26,10,7,2,3,0,3,0,0,0,0,1,0,0,0,0,0
closer,26,11,6,1,7,0,0,0,0,1,0,0,0,0,0,0,0
sovereign,26,12,6,3,5,0,0,0,0,0,0,0,0,0,0,0,0
keys,26,15,3,2,4,0,0,1,0,1,0,0,0,0,0,0,0
utility,26,5,6,6,4,0,4,0,0,0,0,0,0,0,0,1,0
2008,26,13,7,0,4,1,0,0,0,0,1,0,0,0,0,0,0
showing,26,12,2,5,6,0,0,0,1,0,0,0,0,0,0,0,0
stage,26,15,5,2,3,0,0,0,0,1,0,0,0,0,0,0,0
debate,26,12,3,4,4,0,1,1,0,1,0,0,0,0,0,0,0
hate,26,6,5,3,4,0,0,4,0,0,0,0,1,0,3,0,0
age,26,7,4,6,8,0,0,0,0,0,0,1,0,0,0,0,0
rates,26,7,8,6,3,0,0,1,0,0,0,1,0,0,0,0,0
stronger,26,13,2,2,6,0,0,2,0,1,0,0,0,0,0,0,0
shit,26,6,10,2,1,0,2,1,3,0,0,0,1,0,0,0,0
expensive”,26,26,0,0,0,0,0,0,0,0,0,0,0,0,0,0,0
announces,25,13,6,2,3,0,0,0,0,1,0,0,0,0,0,0,0
cfo,25,16,1,0,4,0,0,0,3,0,0,0,0,0,0,1,0
certain,25,9,9,3,2,0,1,0,0,1,0,0,0,0,0,0,0
final,25,6,2,2,10,1,2,0,1,1,0,0,0,0,0,0,0
21m,25,14,9,1,1,0,0,0,0,0,0,0,0,0,0,0,0
pick,25,6,5,4,1,2,1,2,2,2,0,0,0,0,0,0,0
corrections,25,10,8,3,2,0,2,0,0,0,0,0,0,0,0,0,0
followed,25,3,1,2,18,0,0,0,1,0,0,0,0,0,0,0,0
iphone,25,6,2,0,1,3,0,6,0,0,7,0,0,0,0,0,0
exit,25,10,8,2,5,0,0,0,0,0,0,0,0,0,0,0,0
grid,25,22,1,2,0,0,0,0,0,0,0,0,0,0,0,0,0
brazil,25,17,2,2,4,0,0,0,0,0,0,0,0,0,0,0,0
candle,25,5,2,4,11,0,0,0,2,0,1,0,0,0,0,0,0
seeing,25,6,6,4,7,1,1,0,0,0,0,0,0,0,0,0,0
rising,25,14,2,0,4,0,0,1,4,0,0,0,0,0,0,0,0
signals,25,2,2,0,2,0,0,1,0,0,0,18,0,0,0,0,0
charts,25,5,2,2,14,0,1,0,1,0,0,0,0,0,0,0,0
panic,25,3,9,2,4,0,0,0,5,2,0,0,0,0,0,0,0
flow,25,16,1,2,3,1,0,0,2,0,0,0,0,0,0,0,0
gbtc,25,13,0,5,4,0,3,0,0,0,0,0,0,0,0,0,0
gas,25,12,7,0,2,0,3,1,0,0,0,0,0,0,0,0,0
numbers,25,8,6,0,7,0,0,0,2,2,0,0,0,0,0,0,0
action,25,5,7,3,7,0,1,0,2,0,0,0,0,0,0,0,0
highly,25,11,1,0,9,1,0,0,1,0,0,1,0,1,0,0,0
analysis,25,8,6,3,5,1,0,0,1,1,0,0,0,0,0,0,0
founder,25,18,2,3,2,0,0,0,0,0,0,0,0,0,0,0,0
website,25,7,1,10,2,0,3,2,0,0,0,0,0,0,0,0,0
extremely,25,7,10,2,4,0,0,1,0,0,0,1,0,0,0,0,0
purchasing,25,9,6,2,2,0,1,3,0,2,0,0,0,0,0,0,0
blocks,25,11,10,1,1,0,1,0,0,0,1,0,0,0,0,0,0
revenue,25,13,5,1,4,0,2,0,0,0,0,0,0,0,0,0,0
society,25,10,11,1,2,0,0,0,0,1,0,0,0,0,0,0,0
truly,25,11,3,1,5,0,3,1,1,0,0,0,0,0,0,0,0
risky,25,13,3,2,3,0,2,0,0,0,0,0,0,2,0,0,0
political,25,14,3,3,3,0,1,0,0,0,1,0,0,0,0,0,0
forget,25,9,4,4,4,2,1,1,0,0,0,0,0,0,0,0,0
revolution,25,15,1,1,7,0,1,0,0,0,0,0,0,0,0,0,0
force,25,11,5,1,4,0,1,1,0,0,2,0,0,0,0,0,0
wonderful,25,23,1,1,0,0,0,0,0,0,0,0,0,0,0,0,0
congrats,25,6,5,4,7,0,1,0,0,0,2,0,0,0,0,0,0
accepts,24,18,1,1,1,0,0,0,0,0,1,0,1,0,0,1,0
cars,24,7,1,4,1,1,3,1,1,2,0,0,0,0,3,0,0
maybe,24,6,4,4,5,2,1,0,0,1,0,0,0,0,1,0,0
released,24,11,3,3,6,0,0,0,0,0,1,0,0,0,0,0,0
richest,24,13,4,1,1,0,4,0,0,0,0,0,0,1,0,0,0
wanted,24,12,8,1,2,0,1,0,0,0,0,0,0,0,0,0,0
wave,24,17,1,1,3,0,0,0,1,0,0,0,1,0,0,0,0
nigerians,24,10,2,9,1,0,1,1,0,0,0,0,0,0,0,0,0
liquid,24,6,4,7,5,0,1,0,0,0,0,1,0,0,0,0,0
govt,24,12,3,2,2,0,0,0,0,1,3,1,0,0,0,0,0
accepted,24,13,4,3,0,0,3,0,0,0,0,0,0,1,0,0,0
issue,24,11,4,1,7,0,0,0,0,1,0,0,0,0,0,0,0
salary,24,14,3,3,2,0,1,1,0,0,0,0,0,0,0,0,0
czbinance,24,14,2,3,3,0,0,2,0,0,0,0,0,0,0,0,0
peertopeer,24,14,3,3,1,0,2,1,0,0,0,0,0,0,0,0,0
chinas,24,19,2,1,1,0,0,1,0,0,0,0,0,0,0,0,0
alternative,24,16,2,2,0,1,1,0,0,1,1,0,0,0,0,0,0
bit,24,7,5,1,7,0,0,1,2,0,0,0,0,0,0,0,1
development,24,12,4,2,6,0,0,0,0,0,0,0,0,0,0,0,0
unstoppable,24,13,4,1,3,0,0,1,0,1,0,1,0,0,0,0,0
21st,24,18,2,2,1,0,0,0,0,1,0,0,0,0,0,0,0
nice,24,9,2,4,7,0,1,1,0,0,0,0,0,0,0,0,0
laser,24,17,2,1,3,0,0,0,1,0,0,0,0,0,0,0,0
provide,24,14,0,2,4,0,2,0,0,1,1,0,0,0,0,0,0
48hrs,24,1,0,1,2,1,1,4,14,0,0,0,0,0,0,0,0
stacking,24,8,0,2,7,0,0,5,0,1,0,1,0,0,0,0,0
black,24,7,3,3,6,0,4,0,1,0,0,0,0,0,0,0,0
wake,24,6,5,1,1,8,3,0,0,0,0,0,0,0,0,0,0
salvador’s,24,13,1,3,5,0,0,0,1,0,0,0,0,1,0,0,0
embrace,24,17,4,3,0,0,0,0,0,0,0,0,0,0,0,0,0
quickly,24,11,4,3,5,0,0,0,1,0,0,0,0,0,0,0,0
mobile,24,18,2,1,1,1,0,1,0,0,0,0,0,0,0,0,0
profits,24,10,1,2,5,0,1,1,3,0,1,0,0,0,0,0,0
consider,24,12,3,3,1,1,2,0,1,0,0,0,0,1,0,0,0
addresses,24,14,3,1,3,0,1,1,0,0,0,0,0,1,0,0,0
ability,24,9,3,3,4,1,1,0,1,0,0,1,0,0,1,0,0
125,24,4,5,6,1,1,3,0,1,0,3,0,0,0,0,0,0
designed,24,15,1,1,2,2,0,1,0,1,1,0,0,0,0,0,0
reality,24,11,5,3,5,0,0,0,0,0,0,0,0,0,0,0,0
likes,24,8,1,3,4,1,2,0,0,1,0,4,0,0,0,0,0
limited,24,8,3,2,6,1,2,1,0,1,0,0,0,0,0,0,0
historical,24,14,3,1,5,0,1,0,0,0,0,0,0,0,0,0,0
zoom,24,9,3,1,2,0,2,0,0,0,7,0,0,0,0,0,0
100x,24,4,0,13,2,0,4,0,0,0,0,0,1,0,0,0,0
loss,24,9,4,4,7,0,0,0,0,0,0,0,0,0,0,0,0
elsalvador,24,2,0,8,2,8,0,1,0,1,2,0,0,0,0,0,0
afford,24,7,9,2,4,0,1,1,0,0,0,0,0,0,0,0,0
bitcoiner,24,4,8,1,2,0,0,1,0,5,1,0,0,1,1,0,0
hand,24,6,3,11,3,0,0,0,0,0,0,0,0,1,0,0,0
era,24,6,1,4,8,2,2,0,0,0,0,0,0,0,1,0,0
shiba,24,5,3,5,2,0,0,0,0,8,1,0,0,0,0,0,0
finnbtc,24,0,0,6,18,0,0,0,0,0,0,0,0,0,0,0,0
lower,23,13,2,0,5,0,0,0,1,2,0,0,0,0,0,0,0
raise,23,12,6,3,0,0,0,0,0,0,0,0,0,1,0,0,1
double,23,11,0,1,9,0,0,1,0,0,0,0,0,0,1,0,0
employees,23,16,2,0,3,0,1,1,0,0,0,0,0,0,0,0,0
understanding,23,9,8,1,2,1,1,0,1,0,0,0,0,0,0,0,0
dropped,23,5,9,0,4,0,0,1,3,0,0,1,0,0,0,0,0
anymore,23,12,7,1,1,0,0,0,0,0,0,0,0,2,0,0,0
chairman,23,19,2,0,2,0,0,0,0,0,0,0,0,0,0,0,0
increasing,23,15,2,0,4,0,1,1,0,0,0,0,0,0,0,0,0
personally,23,6,6,2,5,1,1,0,2,0,0,0,0,0,0,0,0
calling,23,10,5,3,5,0,0,0,0,0,0,0,0,0,0,0,0
hes,23,12,1,4,3,0,1,0,0,0,0,0,0,2,0,0,0
upside,23,7,5,2,8,0,1,0,0,0,0,0,0,0,0,0,0
thinks,23,10,5,1,2,2,0,0,0,1,0,0,0,2,0,0,0
500000,23,8,4,4,2,0,2,3,0,0,0,0,0,0,0,0,0
discount,23,6,7,2,3,0,1,1,2,0,0,1,0,0,0,0,0
keeps,23,13,1,2,5,0,0,2,0,0,0,0,0,0,0,0,0
volcano,23,4,5,8,3,0,3,0,0,0,0,0,0,0,0,0,0
personal,23,16,2,0,4,0,0,0,0,1,0,0,0,0,0,0,0
south,23,13,2,4,1,2,1,0,0,0,0,0,0,0,0,0,0
benefit,23,18,1,0,1,0,1,0,0,1,0,0,0,1,0,0,0
dips,23,8,3,0,7,0,2,1,0,1,1,0,0,0,0,0,0
youve,23,9,4,3,2,1,0,2,1,0,0,0,0,1,0,0,0
monday,23,11,3,2,3,1,0,1,0,0,0,1,0,0,0,0,1
deep,23,15,2,1,2,0,1,0,1,1,0,0,0,0,0,0,0
incoming,23,7,3,1,5,0,0,1,0,0,0,6,0,0,0,0,0
performing,23,15,4,0,3,0,0,0,0,0,0,0,0,0,1,0,0
face,23,13,2,0,6,0,0,0,1,1,0,0,0,0,0,0,0
bond,23,9,3,5,5,0,0,0,0,1,0,0,0,0,0,0,0
jobs,23,11,1,10,0,0,1,0,0,0,0,0,0,0,0,0,0
bringing,23,14,1,2,2,0,2,0,0,0,0,0,0,2,0,0,0
speed,23,11,5,2,1,0,3,0,1,0,0,0,0,0,0,0,0
efficient,23,15,6,0,0,0,1,0,0,0,0,1,0,0,0,0,0
path,23,11,4,1,7,0,0,0,0,0,0,0,0,0,0,0,0
education,23,10,4,4,3,1,1,0,0,0,0,0,0,0,0,0,0
bans,23,8,3,3,7,1,0,1,0,0,0,0,0,0,0,0,0
breakout,23,8,3,4,8,0,0,0,0,0,0,0,0,0,0,0,0
25000,23,4,7,1,1,0,1,4,0,3,2,0,0,0,0,0,0
s2fx,23,22,0,1,0,0,0,0,0,0,0,0,0,0,0,0,0
les,23,0,4,6,6,4,3,0,0,0,0,0,0,0,0,0,0
airdropdetective,23,0,0,23,0,0,0,0,0,0,0,0,0,0,0,0,0
option,22,15,4,2,0,0,1,0,0,0,0,0,0,0,0,0,0
test,22,10,2,1,5,1,1,0,0,0,0,0,0,0,2,0,0
investments,22,12,6,2,0,1,1,0,0,0,0,0,0,0,0,0,0
stopped,22,11,2,3,5,0,0,0,1,0,0,0,0,0,0,0,0
turkey,22,17,0,2,2,0,0,0,0,0,0,1,0,0,0,0,0
pension,22,17,2,1,0,0,2,0,0,0,0,0,0,0,0,0,0
majority,22,11,4,0,3,0,3,1,0,0,0,0,0,0,0,0,0
sale,22,12,1,1,5,0,0,2,1,0,0,0,0,0,0,0,0
gensler,22,16,1,2,1,0,1,0,0,1,0,0,0,0,0,0,0
putting,22,8,8,2,3,0,0,0,0,0,0,0,0,1,0,0,0
tipping,22,14,2,1,2,0,0,0,1,1,0,0,0,0,0,1,0
asked,22,4,3,5,4,0,1,1,2,0,0,0,0,0,1,0,1
collapse,22,11,5,1,4,0,1,0,0,0,0,0,0,0,0,0,0
beautiful,22,8,5,3,5,0,0,0,1,0,0,0,0,0,0,0,0
hardware,22,12,2,2,3,0,0,0,0,3,0,0,0,0,0,0,0
especially,22,6,4,5,2,0,2,0,2,0,0,0,0,0,0,0,1
phase,22,6,2,4,9,0,0,1,0,0,0,0,0,0,0,0,0
unlike,22,14,3,0,3,0,0,0,0,0,0,1,0,1,0,0,0
falling,22,10,2,0,5,1,2,1,0,0,1,0,0,0,0,0,0
filing,22,4,1,11,5,0,0,0,0,0,1,0,0,0,0,0,0
immediately,22,12,1,5,1,0,2,0,0,1,0,0,0,0,0,0,0
paraguay,22,9,5,3,5,0,0,0,0,0,0,0,0,0,0,0,0
remain,22,9,7,2,2,0,1,0,0,1,0,0,0,0,0,0,0
spread,22,12,4,1,2,0,0,1,0,0,0,2,0,0,0,0,0
failed,22,5,7,2,3,0,2,1,0,1,0,0,0,1,0,0,0
suddenly,22,15,6,0,0,0,0,0,0,0,1,0,0,0,0,0,0
fraud,22,8,2,2,4,0,1,0,0,1,0,0,0,1,3,0,0
chivo,22,12,0,0,9,0,1,0,0,0,0,0,0,0,0,0,0
15000,22,4,4,3,3,0,0,5,0,0,3,0,0,0,0,0,0
required,22,12,6,1,1,0,0,2,0,0,0,0,0,0,0,0,0
difference,22,9,5,3,1,0,2,1,0,0,0,0,0,1,0,0,0
economists,22,10,3,1,5,1,2,0,0,0,0,0,0,0,0,0,0
hear,22,11,4,2,2,0,1,0,0,0,0,2,0,0,0,0,0
uber,22,9,1,1,3,1,0,1,0,0,6,0,0,0,0,0,0
squeeze,22,9,2,5,5,0,1,0,0,0,0,0,0,0,0,0,0
exist,22,6,5,0,2,0,0,3,0,0,6,0,0,0,0,0,0
campaign,22,10,2,3,4,0,1,2,0,0,0,0,0,0,0,0,0
sushi,22,1,0,2,0,0,0,1,0,0,0,18,0,0,0,0,0
individuals,22,13,2,2,3,1,1,0,0,0,0,0,0,0,0,0,0
billionaires,22,9,1,3,5,0,1,1,1,0,0,0,0,1,0,0,0
moneda,22,13,0,0,3,6,0,0,0,0,0,0,0,0,0,0,0
chain,22,8,5,4,4,0,0,1,0,0,0,0,0,0,0,0,0
success,22,11,2,6,2,0,1,0,0,0,0,0,0,0,0,0,0
star,22,5,0,11,0,0,6,0,0,0,0,0,0,0,0,0,0
stocktoflow,22,16,2,1,1,0,1,1,0,0,0,0,0,0,0,0,0
feb,22,5,1,4,4,0,2,0,0,2,4,0,0,0,0,0,0
alt,22,2,4,2,11,0,2,0,1,0,0,0,0,0,0,0,0
extreme,22,5,9,5,3,0,0,0,0,0,0,0,0,0,0,0,0
hell,22,8,4,3,4,0,0,1,2,0,0,0,0,0,0,0,0
cryptocurrencynews,22,0,0,21,0,0,0,1,0,0,0,0,0,0,0,0,0
bless,22,19,1,0,1,0,0,0,0,0,0,0,0,0,0,0,1
dgb,22,4,2,3,0,1,2,10,0,0,0,0,0,0,0,0,0
klv,22,8,0,2,0,0,0,12,0,0,0,0,0,0,0,0,0
este,22,10,0,0,4,5,3,0,0,0,0,0,0,0,0,0,0
ley,22,4,0,0,12,2,4,0,0,0,0,0,0,0,0,0,0
celsiusnetwork,22,3,13,4,2,0,0,0,0,0,0,0,0,0,0,0,0
learning,21,10,5,1,5,0,0,0,0,0,0,0,0,0,0,0,0
100trillionusd,21,10,2,2,6,0,1,0,0,0,0,0,0,0,0,0,0
terms,21,10,3,4,2,0,1,0,0,0,0,0,0,1,0,0,0
taken,21,15,3,0,2,0,0,1,0,0,0,0,0,0,0,0,0
owned,21,11,1,3,1,0,2,2,1,0,0,0,0,0,0,0,0
performance,21,7,4,1,5,0,1,0,0,1,2,0,0,0,0,0,0
argentina,21,12,1,3,1,3,0,0,0,1,0,0,0,0,0,0,0
multiple,21,7,3,5,4,0,2,0,0,0,0,0,0,0,0,0,0
received,21,13,1,1,3,1,1,0,0,0,0,0,0,1,0,0,0
direct,21,15,5,1,0,0,0,0,0,0,0,0,0,0,0,0,0
machines,21,18,1,1,0,0,0,0,0,0,0,1,0,0,0,0,0
ownership,21,8,6,4,1,0,0,0,1,0,0,1,0,0,0,0,0
easily,21,7,2,5,7,0,0,0,0,0,0,0,0,0,0,0,0
clearly,21,10,4,1,6,0,0,0,0,0,0,0,0,0,0,0,0
patient,21,7,4,0,6,0,1,1,1,0,0,1,0,0,0,0,0
trillions,21,7,8,3,1,0,1,0,0,0,0,0,0,0,1,0,0
approval,21,12,1,0,5,0,1,0,0,2,0,0,0,0,0,0,0
published,21,16,3,2,0,0,0,0,0,0,0,0,0,0,0,0,0
friday,21,8,4,5,3,0,0,0,0,0,0,1,0,0,0,0,0
pumping,21,8,5,1,1,1,3,1,1,0,0,0,0,0,0,0,0
legend,21,14,2,2,1,0,1,1,0,0,0,0,0,0,0,0,0
sitting,21,10,1,2,4,0,0,1,1,0,0,0,2,0,0,0,0
product,21,12,1,3,1,0,3,0,0,1,0,0,0,0,0,0,0
whale,21,5,3,4,4,0,4,0,0,0,0,1,0,0,0,0,0
existence,21,9,4,2,1,0,2,3,0,0,0,0,0,0,0,0,0
equivalent,21,5,5,1,7,0,1,0,0,0,1,0,1,0,0,0,0
course,21,8,5,2,2,1,1,0,1,0,0,1,0,0,0,0,0
leader,21,16,1,0,3,1,0,0,0,0,0,0,0,0,0,0,0
africa,21,14,1,2,0,0,3,0,0,1,0,0,0,0,0,0,0
historic,21,16,2,1,1,0,0,1,0,0,0,0,0,0,0,0,0
999,21,3,1,17,0,0,0,0,0,0,0,0,0,0,0,0,0
steps,21,6,0,8,5,0,0,0,0,2,0,0,0,0,0,0,0
“if,21,17,1,0,1,1,1,0,0,0,0,0,0,0,0,0,0
lol,21,5,5,1,7,0,1,1,1,0,0,0,0,0,0,0,0
adds,21,10,3,5,2,0,0,0,0,1,0,0,0,0,0,0,0
yield,21,6,4,4,5,0,0,1,0,0,0,1,0,0,0,0,0
sells,21,5,11,1,2,0,0,1,0,0,0,1,0,0,0,0,0
guide,21,2,4,12,1,2,0,0,0,0,0,0,0,0,0,0,0
saw,21,6,0,3,8,0,3,0,0,1,0,0,0,0,0,0,0
reasons,21,8,4,2,4,0,2,0,0,0,1,0,0,0,0,0,0
crashes,21,8,9,2,1,0,0,0,0,0,0,0,0,1,0,0,0
realized,21,9,1,5,2,1,0,0,0,0,1,2,0,0,0,0,0
cryptonews,21,0,5,7,1,1,0,1,0,6,0,0,0,0,0,0,0
blah,21,5,0,0,4,0,0,0,0,0,0,0,0,0,0,0,12
país,21,12,0,0,5,4,0,0,0,0,0,0,0,0,0,0,0
millones,21,10,0,0,9,2,0,0,0,0,0,0,0,0,0,0,0
1337,21,0,0,0,0,0,0,0,0,21,0,0,0,0,0,0,0
changes,20,8,7,0,2,0,1,2,0,0,0,0,0,0,0,0,0
board,20,14,1,0,4,0,0,0,1,0,0,0,0,0,0,0,0
we’ve,20,8,1,2,8,0,0,1,0,0,0,0,0,0,0,0,0
today’s,20,2,2,1,1,13,1,0,0,0,0,0,0,0,0,0,0
losing,20,5,4,4,4,1,1,0,0,1,0,0,0,0,0,0,0
indicators,20,6,2,0,12,0,0,0,0,0,0,0,0,0,0,0,0
approve,20,15,0,0,3,0,1,1,0,0,0,0,0,0,0,0,0
conviction,20,7,2,1,8,0,1,1,0,0,0,0,0,0,0,0,0
planet,20,10,2,0,4,0,2,0,1,0,0,0,1,0,0,0,0
super,20,4,2,2,10,0,0,0,1,0,1,0,0,0,0,0,0
covid,20,10,6,2,0,0,0,0,2,0,0,0,0,0,0,0,0
watching,20,10,2,1,4,1,0,1,0,0,0,0,0,0,1,0,0
costs,20,7,4,3,5,0,0,0,1,0,0,0,0,0,0,0,0
active,20,7,1,6,1,0,3,1,0,0,0,1,0,0,0,0,0
room,20,12,2,3,1,1,0,0,0,0,1,0,0,0,0,0,0
reading,20,5,4,2,7,0,2,0,0,0,0,0,0,0,0,0,0
represents,20,13,2,3,0,0,0,0,0,0,0,0,0,1,1,0,0
systems,20,9,4,2,2,1,1,0,1,0,0,0,0,0,0,0,0
critics,20,14,2,2,1,0,1,0,0,0,0,0,0,0,0,0,0
greater,20,11,4,0,3,0,0,0,1,1,0,0,0,0,0,0,0
fixed,20,7,2,0,10,0,0,0,0,0,0,0,0,0,1,0,0
christmas,20,11,0,2,0,4,1,0,2,0,0,0,0,0,0,0,0
ultimate,20,9,2,0,7,0,0,0,1,1,0,0,0,0,0,0,0
asking,20,9,4,3,3,0,0,0,0,0,0,0,0,1,0,0,0
absolute,20,11,3,1,3,2,0,0,0,0,0,0,0,0,0,0,0
priced,20,11,2,2,3,0,2,0,0,0,0,0,0,0,0,0,0
dominance,20,5,3,1,5,0,0,0,6,0,0,0,0,0,0,0,0
critical,20,8,2,2,8,0,0,0,0,0,0,0,0,0,0,0,0
words,20,3,7,4,4,1,0,1,0,0,0,0,0,0,0,0,0
arent,20,7,3,1,5,0,0,3,0,0,0,1,0,0,0,0,0
funny,20,4,4,1,3,1,3,3,0,1,0,0,0,0,0,0,0
matters,20,12,4,3,1,0,0,0,0,0,0,0,0,0,0,0,0
info,20,2,2,8,5,1,0,2,0,0,0,0,0,0,0,0,0
targets,20,4,3,1,7,1,0,0,0,0,2,1,0,0,1,0,0
cake,20,0,2,15,0,1,0,1,0,0,0,0,0,0,0,0,1
log,20,0,2,1,15,0,0,0,0,0,0,2,0,0,0,0,0
whatsapp,20,1,9,2,1,1,0,1,0,0,5,0,0,0,0,0,0
herofiio,20,0,0,16,4,0,0,0,0,0,0,0,0,0,0,0,0
nano,20,0,0,8,5,5,0,1,0,0,0,1,0,0,0,0,0
zilliqa,20,0,4,0,0,13,0,0,0,1,0,2,0,0,0,0,0
creating,19,12,1,2,2,0,2,0,0,0,0,0,0,0,0,0,0
gave,19,6,4,2,3,0,3,0,0,0,0,0,1,0,0,0,0
blue,19,11,1,2,4,1,0,0,0,0,0,0,0,0,0,0,0
gme,19,4,0,5,4,6,0,0,0,0,0,0,0,0,0,0,0
confirms,19,12,4,0,2,0,0,1,0,0,0,0,0,0,0,0,0
senate,19,14,1,0,1,0,0,0,2,1,0,0,0,0,0,0,0
institution,19,13,3,3,0,0,0,0,0,0,0,0,0,0,0,0,0
equity,19,13,1,0,3,0,0,2,0,0,0,0,0,0,0,0,0
predicted,19,5,5,1,6,0,0,1,1,0,0,0,0,0,0,0,0
creates,19,15,2,1,1,0,0,0,0,0,0,0,0,0,0,0,0
hundreds,19,11,1,4,2,0,1,0,0,0,0,0,0,0,0,0,0
accumulating,19,5,1,4,7,0,1,1,0,0,0,0,0,0,0,0,0
piece,19,9,1,3,3,1,2,0,0,0,0,0,0,0,0,0,0
push,19,8,1,2,6,0,0,0,1,1,0,0,0,0,0,0,0
mistake,19,7,3,3,4,0,1,0,1,0,0,0,0,0,0,0,0
miller,19,15,1,1,0,0,1,0,1,0,0,0,0,0,0,0,0
10x,19,10,2,0,1,1,2,0,2,0,0,0,0,0,1,0,0
“we,19,14,1,1,2,0,1,0,0,0,0,0,0,0,0,0,0
regulators,19,11,1,1,5,0,1,0,0,0,0,0,0,0,0,0,0
here’s,19,6,4,3,4,1,0,0,0,1,0,0,0,0,0,0,0
realdannynelson,19,19,0,0,0,0,0,0,0,0,0,0,0,0,0,0,0
member,19,12,1,1,4,0,0,0,0,0,0,0,0,1,0,0,0
raised,19,10,3,3,0,0,0,2,1,0,0,0,0,0,0,0,0
500k,19,9,1,1,2,1,3,0,0,0,0,1,0,1,0,0,0
cheaper,19,7,1,3,3,0,0,4,0,1,0,0,0,0,0,0,0
teslas,19,6,3,3,3,1,2,0,0,0,0,0,0,0,1,0,0
generation,19,13,4,0,0,0,1,1,0,0,0,0,0,0,0,0,0
parabolic,19,5,2,2,8,0,0,0,2,0,0,0,0,0,0,0,0
tel,19,1,6,9,1,0,1,1,0,0,0,0,0,0,0,0,0
track,19,13,0,1,4,0,0,0,0,1,0,0,0,0,0,0,0
salvadorans,19,11,0,1,7,0,0,0,0,0,0,0,0,0,0,0,0
race,19,10,4,3,0,1,0,1,0,0,0,0,0,0,0,0,0
0001,19,2,0,1,0,0,1,14,0,0,0,0,0,0,0,0,1
provides,19,12,2,1,1,0,0,0,0,0,0,3,0,0,0,0,0
entered,19,5,6,1,6,0,0,0,0,1,0,0,0,0,0,0,0
trades,19,8,2,3,5,0,0,0,0,0,0,1,0,0,0,0,0
nations,19,12,1,1,4,0,1,0,0,0,0,0,0,0,0,0,0
approximately,19,17,1,0,1,0,0,0,0,0,0,0,0,0,0,0,0
wild,19,8,4,2,3,0,0,1,0,1,0,0,0,0,0,0,0
focused,19,13,2,0,1,1,2,0,0,0,0,0,0,0,0,0,0
sheets,19,14,1,0,2,0,2,0,0,0,0,0,0,0,0,0,0
opensource,19,11,4,2,0,0,0,0,0,1,0,0,0,0,1,0,0
orange,19,13,0,3,1,0,0,0,0,0,0,1,0,1,0,0,0
instagram,19,5,5,2,0,0,0,1,0,0,6,0,0,0,0,0,0
youll,19,11,3,1,2,2,0,0,0,0,0,0,0,0,0,0,0
crashing,19,4,10,0,3,0,0,1,0,0,0,0,0,0,1,0,0
popular,19,7,3,2,3,0,0,0,1,2,0,0,1,0,0,0,0
environmental,19,6,1,3,5,0,1,0,0,1,0,0,0,2,0,0,0
act,19,7,6,0,2,1,2,0,1,0,0,0,0,0,0,0,0
invests,19,9,2,3,1,0,3,1,0,0,0,0,0,0,0,0,0
discussion,19,8,4,3,2,1,0,0,1,0,0,0,0,0,0,0,0
ways,19,4,6,1,5,0,2,0,0,1,0,0,0,0,0,0,0
lives,19,8,5,2,2,0,1,1,0,0,0,0,0,0,0,0,0
nature,19,8,3,1,4,0,0,1,1,0,0,0,0,0,1,0,0
technical,19,7,3,1,5,2,1,0,0,0,0,0,0,0,0,0,0
picture,19,3,3,5,2,3,0,3,0,0,0,0,0,0,0,0,0
surprise,19,6,5,1,4,2,0,0,0,0,1,0,0,0,0,0,0
competition,19,7,1,3,4,0,0,4,0,0,0,0,0,0,0,0,0
tops,19,3,1,3,7,0,0,0,2,3,0,0,0,0,0,0,0
respect,19,2,3,2,5,1,0,6,0,0,0,0,0,0,0,0,0
round,19,3,2,12,2,0,0,0,0,0,0,0,0,0,0,0,0
marketing,19,6,3,4,3,0,0,1,1,0,0,0,0,1,0,0,0
floor,19,6,1,0,11,0,1,0,0,0,0,0,0,0,0,0,0
steal,19,4,6,0,2,0,0,0,1,0,0,0,0,0,6,0,0
utc,19,0,5,11,0,0,0,3,0,0,0,0,0,0,0,0,0
altseason,19,1,1,1,6,2,1,0,7,0,0,0,0,0,0,0,0
safemoonarmy,19,1,0,3,14,1,0,0,0,0,0,0,0,0,0,0,0
epic,19,5,4,3,4,0,1,0,2,0,0,0,0,0,0,0,0
ido,19,0,0,15,4,0,0,0,0,0,0,0,0,0,0,0,0
bitcoincash,19,4,0,12,0,0,0,2,0,0,0,0,0,1,0,0,0
nftartist,19,0,12,6,0,0,0,1,0,0,0,0,0,0,0,0,0
tyler,18,7,8,1,2,0,0,0,0,0,0,0,0,0,0,0,0
pattern,18,9,2,1,4,0,1,0,0,0,1,0,0,0,0,0,0
mellon,18,17,1,0,0,0,0,0,0,0,0,0,0,0,0,0,0
firms,18,14,1,2,1,0,0,0,0,0,0,0,0,0,0,0,0
mass,18,7,3,3,2,2,1,0,0,0,0,0,0,0,0,0,0
singapore,18,15,1,0,2,0,0,0,0,0,0,0,0,0,0,0,0
overnight,18,6,10,0,0,0,1,0,0,0,0,0,0,0,1,0,0
joe,18,13,0,2,1,0,0,0,0,1,0,0,0,1,0,0,0
leverage,18,6,1,6,4,0,0,0,0,0,0,0,1,0,0,0,0
positions,18,7,1,1,2,0,6,1,0,0,0,0,0,0,0,0,0
hitting,18,5,2,2,4,0,3,1,0,0,0,0,0,0,1,0,0
impossible,18,13,0,0,3,0,2,0,0,0,0,0,0,0,0,0,0
coindesk,18,10,3,2,1,0,1,1,0,0,0,0,0,0,0,0,0
4th,18,3,4,1,2,0,0,7,1,0,0,0,0,0,0,0,0
date,18,4,4,5,3,0,0,0,0,2,0,0,0,0,0,0,0
atm,18,10,2,1,2,2,1,0,0,0,0,0,0,0,0,0,0
buffett,18,12,1,3,2,0,0,0,0,0,0,0,0,0,0,0,0
niccarter,18,12,1,3,0,0,0,0,0,0,2,0,0,0,0,0,0
lifetime,18,9,5,0,3,0,0,1,0,0,0,0,0,0,0,0,0
oldest,18,13,1,3,0,0,0,1,0,0,0,0,0,0,0,0,0
members,18,8,1,3,4,1,0,0,0,0,0,1,0,0,0,0,0
hal,18,12,2,2,1,1,0,0,0,0,0,0,0,0,0,0,0
converting,18,8,6,2,2,0,0,0,0,0,0,0,0,0,0,0,0
insurance,18,11,3,2,0,0,2,0,0,0,0,0,0,0,0,0,0
developers,18,13,2,3,0,0,0,0,0,0,0,0,0,0,0,0,0
est,18,5,5,3,0,2,1,1,0,0,0,0,0,0,1,0,0
proud,18,6,2,7,1,1,0,0,0,0,0,0,0,1,0,0,0
projects,18,5,3,3,3,1,0,0,0,0,0,3,0,0,0,0,0
robinhood,18,9,2,1,1,2,0,0,0,2,1,0,0,0,0,0,0
actual,18,10,1,2,1,1,1,0,0,0,1,0,0,1,0,0,0
helping,18,9,2,0,3,0,1,0,1,0,0,2,0,0,0,0,0
allows,18,10,2,2,1,1,0,1,0,0,1,0,0,0,0,0,0
